Целевая URL,Breadcrumbs Inlinks,Breadcrumbs Unique Donors,Content Inlinks,Content Unique Donors,Navigation Inlinks,Navigation Unique Donors,Footer Inlinks,Footer Unique Donors,Cards Inlinks,Cards Unique Donors
https://longwang.ru/supplies-services-china/,73,73,31,27,200,200,,,,
https://longwang.ru/supplies-services-china/autsorsing-ved/,7,7,45,38,200,200,,,,
https://longwang.ru/supplies-services-china/autsorsing-ved/akkreditiv-po-dogovoru-postavki/,,,5,4,200,200,,,,
https://longwang.ru/supplies-services-china/autsorsing-ved/finansirovanie-importa-iz-kitaia/,,,4,3,200,200,,,,
https://longwang.ru/supplies-services-china/autsorsing-ved/konsolidacziya-eksporta/,,,12,12,200,200,,,,
https://longwang.ru/supplies-services-china/autsorsing-ved/otkryt-kompaniyu-v-kitae/,,,4,4,200,200,,,,
https://longwang.ru/supplies-services-china/autsorsing-ved/platezhi-v-kitai/,,,13,12,200,200,,,,
https://longwang.ru/supplies-services-china/autsorsing-ved/predstavitel-v-kitae/,,,18,18,200,200,,,,
https://longwang.ru/supplies-services-china/autsorsing-ved/ved-s-kitaem/,,,12,10,200,200,200,200,,
https://longwang.ru/supplies-services-china/dostavka-is-kitaya/,6,6,64,55,200,200,200,200,1,1
https://longwang.ru/supplies-services-china/dostavka-is-kitaya/aviadostavka-iz-kitaya/,,,12,11,200,200,,,,
https://longwang.ru/supplies-services-china/dostavka-is-kitaya/cargo/,,,4,3,200,200,,,,
https://longwang.ru/supplies-services-china/dostavka-is-kitaya/freight-road-transportation/,,,11,10,200,200,,,,
https://longwang.ru/supplies-services-china/dostavka-is-kitaya/jeleznodorojnaya-dostavka-iz-kitaya/,,,11,10,200,200,,,,
https://longwang.ru/supplies-services-china/dostavka-is-kitaya/sea-shipping-china/,,,10,9,200,200,,,,
https://longwang.ru/supplies-services-china/dostavka-is-kitaya/tamojennoe-oformlenie-china/,,,30,29,200,200,,,,
https://longwang.ru/supplies-services-china/equipment-from-china/,11,11,40,32,200,200,,,,
https://longwang.ru/supplies-services-china/equipment-from-china/thermo-equipment-china/,10,10,29,20,,,,,1,1
https://longwang.ru/supplies-services-china/equipment-from-china/thermo-equipment-china/chamber-furnaces-china/,,,5,4,,,,,,
https://longwang.ru/supplies-services-china/equipment-from-china/thermo-equipment-china/drying-cabinets-china/,,,7,4,,,,,,
https://longwang.ru/supplies-services-china/equipment-from-china/thermo-equipment-china/drying-cultivation-cabinets/,,,5,4,,,,,,
https://longwang.ru/supplies-services-china/equipment-from-china/thermo-equipment-china/muffle-furnaces-china/,,,6,4,,,,,,
https://longwang.ru/supplies-services-china/equipment-from-china/thermo-equipment-china/specialized-industrial-furnaces/,,,6,5,,,,,,
https://longwang.ru/supplies-services-china/equipment-from-china/thermo-equipment-china/tubular-compact-furnaces/,,,6,4,,,,,,
https://longwang.ru/supplies-services-china/equipment-from-china/thermo-equipment-china/tubular-furnaces-china/,,,6,6,,,,,,
https://longwang.ru/supplies-services-china/equipment-from-china/thermo-equipment-china/vacuum-drying-chambers/,,,5,4,,,,,,
https://longwang.ru/supplies-services-china/equipment-from-china/thermo-equipment-china/vacuum-soldering-furnaces/,,,5,4,,,,,,
https://longwang.ru/supplies-services-china/equipment-from-china/thermo-equipment-china/water-baths-thermostats/,,,5,4,,,,,,
https://longwang.ru/supplies-services-china/goods-check-china/,,,33,30,200,200,,,,
https://longwang.ru/supplies-services-china/parallelnyj-import-is-kitaya/,40,40,20,15,200,200,,,,
https://longwang.ru/supplies-services-china/parallelnyj-import-is-kitaya/brands/,39,39,20,16,200,200,,,,
https://longwang.ru/supplies-services-china/parallelnyj-import-is-kitaya/brands/abb-product-supplies/,,,,,,,,,1,1
https://longwang.ru/supplies-services-china/parallelnyj-import-is-kitaya/brands/airtac-supple-china/,,,,,,,,,1,1
https://longwang.ru/supplies-services-china/parallelnyj-import-is-kitaya/brands/allen-bradley-product-supplies/,,,,,,,,,1,1
https://longwang.ru/supplies-services-china/parallelnyj-import-is-kitaya/brands/atlas-copco-product-supplies/,,,4,3,,,,,1,1
https://longwang.ru/supplies-services-china/parallelnyj-import-is-kitaya/brands/autonics-product-supplies/,,,,,,,,,1,1
https://longwang.ru/supplies-services-china/parallelnyj-import-is-kitaya/brands/baluff-sensors/,,,,,,,,,1,1
https://longwang.ru/supplies-services-china/parallelnyj-import-is-kitaya/brands/baumer-sensors-order/,,,3,3,,,,,1,1
https://longwang.ru/supplies-services-china/parallelnyj-import-is-kitaya/brands/bitzer-compressors-parts/,,,3,3,,,,,1,1
https://longwang.ru/supplies-services-china/parallelnyj-import-is-kitaya/brands/brevini-motion-systems-product-supplies/,,,2,2,,,,,1,1
https://longwang.ru/supplies-services-china/parallelnyj-import-is-kitaya/brands/caterpillar-spare-parts/,,,3,3,,,,,1,1
https://longwang.ru/supplies-services-china/parallelnyj-import-is-kitaya/brands/cummins-product-supplies/,,,,,,,,,1,1
https://longwang.ru/supplies-services-china/parallelnyj-import-is-kitaya/brands/curtis-instruments-product-supplies/,,,,,,,,,1,1
https://longwang.ru/supplies-services-china/parallelnyj-import-is-kitaya/brands/danfoss-product-supplies/,,,3,3,,,,,1,1
https://longwang.ru/supplies-services-china/parallelnyj-import-is-kitaya/brands/duplomatic-products-supply/,,,4,3,,,,,1,1
https://longwang.ru/supplies-services-china/parallelnyj-import-is-kitaya/brands/eaton-supply-china/,,,,,,,,,1,1
https://longwang.ru/supplies-services-china/parallelnyj-import-is-kitaya/brands/endresshauser-supply-russia/,,,4,4,,,,,1,1
https://longwang.ru/supplies-services-china/parallelnyj-import-is-kitaya/brands/festo-equipment-supplies/,,,1,1,,,,,1,1
https://longwang.ru/supplies-services-china/parallelnyj-import-is-kitaya/brands/flender-siemens-equipment/,,,4,3,,,,,1,1
https://longwang.ru/supplies-services-china/parallelnyj-import-is-kitaya/brands/fronius-equipment-supply/,,,2,2,,,,,1,1
https://longwang.ru/supplies-services-china/parallelnyj-import-is-kitaya/brands/gemu-epuipment-order/,,,4,4,,,,,1,1
https://longwang.ru/supplies-services-china/parallelnyj-import-is-kitaya/brands/general-electric-product-supplies/,,,,,,,,,1,1
https://longwang.ru/supplies-services-china/parallelnyj-import-is-kitaya/brands/honeywell-supply/,,,,,,,,,1,1
https://longwang.ru/supplies-services-china/parallelnyj-import-is-kitaya/brands/hydac-equipment-buy/,,,3,3,,,,,1,1
https://longwang.ru/supplies-services-china/parallelnyj-import-is-kitaya/brands/kubler-equipment/,,,,,,,,,1,1
https://longwang.ru/supplies-services-china/parallelnyj-import-is-kitaya/brands/lenze-supply-russia/,,,4,3,,,,,1,1
https://longwang.ru/supplies-services-china/parallelnyj-import-is-kitaya/brands/mattei-rotors-compressors/,,,3,3,,,,,1,1
https://longwang.ru/supplies-services-china/parallelnyj-import-is-kitaya/brands/megger-product-supplies/,,,4,3,,,,,1,1
https://longwang.ru/supplies-services-china/parallelnyj-import-is-kitaya/brands/omron-product-supplies/,,,2,2,,,,,1,1
https://longwang.ru/supplies-services-china/parallelnyj-import-is-kitaya/brands/pilz-equipment/,,,,,,,,,1,1
https://longwang.ru/supplies-services-china/parallelnyj-import-is-kitaya/brands/sany-product-supplies/,,,,,,,,,1,1
https://longwang.ru/supplies-services-china/parallelnyj-import-is-kitaya/brands/schneider-electric-supply/,,,1,1,,,,,1,1
https://longwang.ru/supplies-services-china/parallelnyj-import-is-kitaya/brands/smc-product-supplies/,,,5,4,,,,,1,1
https://longwang.ru/supplies-services-china/parallelnyj-import-is-kitaya/brands/supply-ifm-electronic/,,,,,,,,,1,1
https://longwang.ru/supplies-services-china/parallelnyj-import-is-kitaya/brands/supply-masimo-products/,,,2,2,,,,,1,1
https://longwang.ru/supplies-services-china/parallelnyj-import-is-kitaya/brands/telco-product-supply/,,,3,3,,,,,1,1
https://longwang.ru/supplies-services-china/parallelnyj-import-is-kitaya/brands/turck-product-supplies/,,,,,,,,,1,1
https://longwang.ru/supplies-services-china/parallelnyj-import-is-kitaya/brands/volvo-penta-product-supplies/,,,,,,,,,1,1
https://longwang.ru/supplies-services-china/parallelnyj-import-is-kitaya/brands/wilo-product-supplies/,,,,,,,,,1,1
https://longwang.ru/supplies-services-china/parallelnyj-import-is-kitaya/brands/xinyak-product-supplies/,,,,,,,,,1,1
https://longwang.ru/supplies-services-china/poisk-i-podbor-postavshika/,,,43,36,200,200,200,200,,
https://longwang.ru/supplies-services-china/poisk-tovara-v-kitae/,,,12,11,,,,,,
https://longwang.ru/supplies-services-china/proverka-postavshhika-v-kitae/,,,54,43,200,200,200,200,,
https://longwang.ru/supplies-services-china/tovary-optom-dlia-marketpleisa/,,,36,29,200,200,200,200,,
