Hub URL,Child URL,Child Title,Child H1,Content Links from Hub,Card Links from Hub,Other Positions,Status
https://longwang.ru/supplies-services-china/autsorsing-ved/,https://longwang.ru/supplies-services-china/autsorsing-ved/akkreditiv-po-dogovoru-postavki/,Аккредитив по договору поставки - Long Wang,Аккредитив по договору поставки,1,0,Navigation,OK
https://longwang.ru/supplies-services-china/autsorsing-ved/,https://longwang.ru/supplies-services-china/autsorsing-ved/finansirovanie-importa-iz-kitaia/,Финансирование импорта и экспорта из Китая - Long Wang,Финансирование импорта и экспорта из Китая,1,0,Navigation,OK
https://longwang.ru/supplies-services-china/autsorsing-ved/,https://longwang.ru/supplies-services-china/autsorsing-ved/konsolidacziya-eksporta/,Консолидация экспорта - Long Wang,Консолидация экспорта,1,0,Navigation,OK
https://longwang.ru/supplies-services-china/autsorsing-ved/,https://longwang.ru/supplies-services-china/autsorsing-ved/otkryt-kompaniyu-v-kitae/,Открыть компанию в Китае - Long Wang,Открыть компанию в Китае,1,0,Navigation,OK
https://longwang.ru/supplies-services-china/autsorsing-ved/,https://longwang.ru/supplies-services-china/autsorsing-ved/platezhi-v-kitai/,Платежи в Китай — оплата поставщику и сопровождение - Long Wang,Платежи в Китай,1,0,Navigation,OK
https://longwang.ru/supplies-services-china/autsorsing-ved/,https://longwang.ru/supplies-services-china/autsorsing-ved/predstavitel-v-kitae/,Представитель в Китае - Long Wang,Представитель в Китае,1,0,Navigation,OK
https://longwang.ru/supplies-services-china/autsorsing-ved/,https://longwang.ru/supplies-services-china/autsorsing-ved/ved-s-kitaem/,ВЭД с Китаем — работа с КНР для бизнеса - Long Wang,ВЭД с Китаем,2,0,"Footer, Navigation",OK
https://longwang.ru/supplies-services-china/dostavka-is-kitaya/,https://longwang.ru/supplies-services-china/dostavka-is-kitaya/aviadostavka-iz-kitaya/,Авиадоставка из Китая – Long Wang,Авиа доставка из Китая,2,0,Navigation,OK
https://longwang.ru/supplies-services-china/dostavka-is-kitaya/,https://longwang.ru/supplies-services-china/dostavka-is-kitaya/cargo/,Карго из Китая – быстрая доставка в Россию | Long Wang,Карго из Китая в Россию,2,0,Navigation,OK
https://longwang.ru/supplies-services-china/dostavka-is-kitaya/,https://longwang.ru/supplies-services-china/dostavka-is-kitaya/freight-road-transportation/,Автомобильные грузоперевозки из Китая - Long Wang,Автомобильные грузоперевозки из Китая,2,0,Navigation,OK
https://longwang.ru/supplies-services-china/dostavka-is-kitaya/,https://longwang.ru/supplies-services-china/dostavka-is-kitaya/jeleznodorojnaya-dostavka-iz-kitaya/,Железнодорожные грузоперевозки - Long Wang,Железнодорожные грузоперевозки,2,0,Navigation,OK
https://longwang.ru/supplies-services-china/dostavka-is-kitaya/,https://longwang.ru/supplies-services-china/dostavka-is-kitaya/sea-shipping-china/,Морские перевозки грузов из Китая – Компания Long Wang,Морские перевозки из Китая,2,0,Navigation,OK
https://longwang.ru/supplies-services-china/dostavka-is-kitaya/,https://longwang.ru/supplies-services-china/dostavka-is-kitaya/tamojennoe-oformlenie-china/,Таможенное оформление из Китая: растаможка под ключ,Таможенное оформление грузов из Китая,1,0,Navigation,OK
https://longwang.ru/supplies-services-china/equipment-from-china/thermo-equipment-china/,https://longwang.ru/supplies-services-china/equipment-from-china/thermo-equipment-china/chamber-furnaces-china/,Камерные печи из Китая — спекание керамики и термообработка,Камерные печи для спекания керамики и термообработки,1,0,,OK
https://longwang.ru/supplies-services-china/equipment-from-china/thermo-equipment-china/,https://longwang.ru/supplies-services-china/equipment-from-china/thermo-equipment-china/drying-cabinets-china/,Сушильные шкафы из Китая — принудительная и естественная конвекция,Сушильные шкафы из Китая,1,0,,OK
https://longwang.ru/supplies-services-china/equipment-from-china/thermo-equipment-china/,https://longwang.ru/supplies-services-china/equipment-from-china/thermo-equipment-china/drying-cultivation-cabinets/,Комбинированные сушильные шкафы с режимом культивирования — сушка до 250°C и инкубация до 80°C,Комбинированные сушильные шкафы с режимом культивирования,1,0,,OK
https://longwang.ru/supplies-services-china/equipment-from-china/thermo-equipment-china/,https://longwang.ru/supplies-services-china/equipment-from-china/thermo-equipment-china/muffle-furnaces-china/,Муфельные печи из керамического волокна — поставка из Китая,Муфельные печи из керамического волокна для лабораторий и производств,1,0,,OK
https://longwang.ru/supplies-services-china/equipment-from-china/thermo-equipment-china/,https://longwang.ru/supplies-services-china/equipment-from-china/thermo-equipment-china/specialized-industrial-furnaces/,Специализированные промышленные печи из Китая — до 1800°C,Специализированные промышленные печи из Китая,1,0,,OK
https://longwang.ru/supplies-services-china/equipment-from-china/thermo-equipment-china/,https://longwang.ru/supplies-services-china/equipment-from-china/thermo-equipment-china/tubular-compact-furnaces/,Поставки трубчатых и компактных камерных печей из Китая,Трубчатые и компактные камерные печи,1,0,,OK
https://longwang.ru/supplies-services-china/equipment-from-china/thermo-equipment-china/,https://longwang.ru/supplies-services-china/equipment-from-china/thermo-equipment-china/tubular-furnaces-china/,"Многозонные трубчатые печи из Китая — CVD, нанотрубки, 1200–1600°C",Многозонные трубчатые печи для CVD и нанотехнологий,1,0,,OK
https://longwang.ru/supplies-services-china/equipment-from-china/thermo-equipment-china/,https://longwang.ru/supplies-services-china/equipment-from-china/thermo-equipment-china/vacuum-drying-chambers/,Вакуумные сушильные камеры из Китая — поставка - Long Wang,Вакуумные сушильные камеры из Китая,1,0,,OK
https://longwang.ru/supplies-services-china/equipment-from-china/thermo-equipment-china/,https://longwang.ru/supplies-services-china/equipment-from-china/thermo-equipment-china/vacuum-soldering-furnaces/,"Вакуумные печи для пайки металлов — до 1350°C, глубокий вакуум 7×10⁻³ Па",Вакуумные печи для высокотемпературной пайки металлов,1,0,,OK
https://longwang.ru/supplies-services-china/equipment-from-china/thermo-equipment-china/,https://longwang.ru/supplies-services-china/equipment-from-china/thermo-equipment-china/water-baths-thermostats/,Водяные бани из Китая — водяные термостаты для лабораторий,Водяные бани из Китая,1,0,,OK
https://longwang.ru/supplies-services-china/parallelnyj-import-is-kitaya/brands/,https://longwang.ru/supplies-services-china/parallelnyj-import-is-kitaya/brands/abb-product-supplies/,Продукция ABB от дистрибьютера в Китае - Прямые поставки - Long Wang,Оригиналы ABB от официального дистрибьютера в Китае,0,1,,OK
https://longwang.ru/supplies-services-china/parallelnyj-import-is-kitaya/brands/,https://longwang.ru/supplies-services-china/parallelnyj-import-is-kitaya/brands/airtac-supple-china/,Продукция бренда AiRTAC – Long Wang,Продукция бренда AiRTAC,0,1,,OK
https://longwang.ru/supplies-services-china/parallelnyj-import-is-kitaya/brands/,https://longwang.ru/supplies-services-china/parallelnyj-import-is-kitaya/brands/allen-bradley-product-supplies/,Поставка продукции бренда Allen-Bradley – Long Wang,Поставка продукции Allen-Bradley,0,1,,OK
https://longwang.ru/supplies-services-china/parallelnyj-import-is-kitaya/brands/,https://longwang.ru/supplies-services-china/parallelnyj-import-is-kitaya/brands/atlas-copco-product-supplies/,Atlas Copco: поставка компрессоров и запчастей из Китая - Long Wang,Поставка продукции Atlas Copco,0,1,,OK
https://longwang.ru/supplies-services-china/parallelnyj-import-is-kitaya/brands/,https://longwang.ru/supplies-services-china/parallelnyj-import-is-kitaya/brands/autonics-product-supplies/,Поставки Autonics напрямую от дистрибьютера,Поставки оригинальной продукции Autonics,0,1,,OK
https://longwang.ru/supplies-services-china/parallelnyj-import-is-kitaya/brands/,https://longwang.ru/supplies-services-china/parallelnyj-import-is-kitaya/brands/baluff-sensors/,Продукция Baluff от дистрибьютера в Китае - Прямые поставки - Long Wang,Baluff от официального дилера в Китае,0,1,,OK
https://longwang.ru/supplies-services-china/parallelnyj-import-is-kitaya/brands/,https://longwang.ru/supplies-services-china/parallelnyj-import-is-kitaya/brands/baumer-sensors-order/,Поставки датчиков и продуктов Baumer - Long Wang,Датчики и энкодеры Baumer для промышленной автоматизации,0,1,,OK
https://longwang.ru/supplies-services-china/parallelnyj-import-is-kitaya/brands/,https://longwang.ru/supplies-services-china/parallelnyj-import-is-kitaya/brands/bitzer-compressors-parts/,Компрессоры Bitzer: поставка оригиналов оборудования и запчастей,Поставка компрессоров Bitzer и оригинальных запчастей,0,1,,OK
https://longwang.ru/supplies-services-china/parallelnyj-import-is-kitaya/brands/,https://longwang.ru/supplies-services-china/parallelnyj-import-is-kitaya/brands/brevini-motion-systems-product-supplies/,"Редукторы, мотор-редукторы, насосы Brevini - Long Wang",Редукторы Brevini и гидромоторы: поставка оригиналов из Китая,0,1,,OK
https://longwang.ru/supplies-services-china/parallelnyj-import-is-kitaya/brands/,https://longwang.ru/supplies-services-china/parallelnyj-import-is-kitaya/brands/caterpillar-spare-parts/,Поставки оригинальных деталей Caterpillar (CAT) – Long Wang,Поставка оригинальных деталей Caterpillar (CAT),0,1,,OK
https://longwang.ru/supplies-services-china/parallelnyj-import-is-kitaya/brands/,https://longwang.ru/supplies-services-china/parallelnyj-import-is-kitaya/brands/cummins-product-supplies/,Поставка продукции бренда Cummins – Long Wang,Поставка продукции Cummins,0,1,,OK
https://longwang.ru/supplies-services-china/parallelnyj-import-is-kitaya/brands/,https://longwang.ru/supplies-services-china/parallelnyj-import-is-kitaya/brands/curtis-instruments-product-supplies/,Поставка продукции бренда Curtis Instruments – Long Wang,Поставка продукции Curtis Instruments,0,1,,OK
https://longwang.ru/supplies-services-china/parallelnyj-import-is-kitaya/brands/,https://longwang.ru/supplies-services-china/parallelnyj-import-is-kitaya/brands/danfoss-product-supplies/,Продукция бренда Danfoss – Long Wang,Продукция бренда Danfoss,0,1,,OK
https://longwang.ru/supplies-services-china/parallelnyj-import-is-kitaya/brands/,https://longwang.ru/supplies-services-china/parallelnyj-import-is-kitaya/brands/duplomatic-products-supply/,"Duplomatic: поставка гидравлики, насосов и клапанов из Китая - Long Wang",Оригиналы Duplomatic от дистрибьютера в Китае,0,1,,OK
https://longwang.ru/supplies-services-china/parallelnyj-import-is-kitaya/brands/,https://longwang.ru/supplies-services-china/parallelnyj-import-is-kitaya/brands/eaton-supply-china/,Оригиналы Eaton от дистрибьютера в Китае - Long Wang,Оригиналы Eaton от официального дистрибьютера в Китае,0,1,,OK
https://longwang.ru/supplies-services-china/parallelnyj-import-is-kitaya/brands/,https://longwang.ru/supplies-services-china/parallelnyj-import-is-kitaya/brands/endresshauser-supply-russia/,Endress+Hauser от дистрибьютера в Китае - Long Wang,Endress+Hauser от официального дистрибьютера в Китае,0,1,,OK
https://longwang.ru/supplies-services-china/parallelnyj-import-is-kitaya/brands/,https://longwang.ru/supplies-services-china/parallelnyj-import-is-kitaya/brands/festo-equipment-supplies/,Поставка продукции Festo – Long Wang,Поставка продукции Festo,0,1,,OK
https://longwang.ru/supplies-services-china/parallelnyj-import-is-kitaya/brands/,https://longwang.ru/supplies-services-china/parallelnyj-import-is-kitaya/brands/flender-siemens-equipment/,"Поставка Flender (Siemens) - Муфты, редукторы, двигатели - Long Wang",Поставка продукции Flender (Siemens),0,1,,OK
https://longwang.ru/supplies-services-china/parallelnyj-import-is-kitaya/brands/,https://longwang.ru/supplies-services-china/parallelnyj-import-is-kitaya/brands/fronius-equipment-supply/,Сварочное оборудование Fronius: поставка из Китая — Long Wang,Оригинальное оборудование Fronius со складов в Китае,0,1,,OK
https://longwang.ru/supplies-services-china/parallelnyj-import-is-kitaya/brands/,https://longwang.ru/supplies-services-china/parallelnyj-import-is-kitaya/brands/general-electric-product-supplies/,Поставка продукции General Electric – Long Wang,Поставка продукции General Electric,0,1,,OK
https://longwang.ru/supplies-services-china/parallelnyj-import-is-kitaya/brands/,https://longwang.ru/supplies-services-china/parallelnyj-import-is-kitaya/brands/honeywell-supply/,Оригиналы Honeywell от дистрибьютера в Китае - Long Wang,Оригиналы Honeywell от официального дистрибьютера в Китае,0,1,,OK
https://longwang.ru/supplies-services-china/parallelnyj-import-is-kitaya/brands/,https://longwang.ru/supplies-services-china/parallelnyj-import-is-kitaya/brands/hydac-equipment-buy/,Поставка фильтров и гидроаккумуляторов Hydac из Китая — Long Wang,"Фильтры, клапаны и гидроаккумуляторы Hydac со складов в Китае",0,1,,OK
https://longwang.ru/supplies-services-china/parallelnyj-import-is-kitaya/brands/,https://longwang.ru/supplies-services-china/parallelnyj-import-is-kitaya/brands/kubler-equipment/,"Поставка оригинального оборудования, энкодеров Kubler- Long Wang",Поставка продукции Kubler,0,1,,OK
https://longwang.ru/supplies-services-china/parallelnyj-import-is-kitaya/brands/,https://longwang.ru/supplies-services-china/parallelnyj-import-is-kitaya/brands/lenze-supply-russia/,Оригиналы Lenze от дистрибьютера в Китае - Long Wang,Оригиналы Lenze Gruppe от официального дистрибьютера в Китае,0,1,,OK
https://longwang.ru/supplies-services-china/parallelnyj-import-is-kitaya/brands/,https://longwang.ru/supplies-services-china/parallelnyj-import-is-kitaya/brands/mattei-rotors-compressors/,Компрессоры Mattei: поставка роторно-лопастного оборудования из Китая,Поставка компрессоров Mattei и комплектующих,0,1,,OK
https://longwang.ru/supplies-services-china/parallelnyj-import-is-kitaya/brands/,https://longwang.ru/supplies-services-china/parallelnyj-import-is-kitaya/brands/megger-product-supplies/,Megger: поставка измерительного оборудования из Китая - Long Wang,Оригинальное оборудование Megger из Китая,0,1,,OK
https://longwang.ru/supplies-services-china/parallelnyj-import-is-kitaya/brands/,https://longwang.ru/supplies-services-china/parallelnyj-import-is-kitaya/brands/omron-product-supplies/,Поставка продукции бренда Omron – Long Wang,Поставка продукции Omron,0,1,,OK
https://longwang.ru/supplies-services-china/parallelnyj-import-is-kitaya/brands/,https://longwang.ru/supplies-services-china/parallelnyj-import-is-kitaya/brands/pilz-equipment/,"Поставка оригинального оборудования, реле Pilz- Long Wang",Поставка продукции PILZ,0,1,,OK
https://longwang.ru/supplies-services-china/parallelnyj-import-is-kitaya/brands/,https://longwang.ru/supplies-services-china/parallelnyj-import-is-kitaya/brands/sany-product-supplies/,Поставка продукции бренда SANY – Long Wang,Поставка продукции Sany,0,1,,OK
https://longwang.ru/supplies-services-china/parallelnyj-import-is-kitaya/brands/,https://longwang.ru/supplies-services-china/parallelnyj-import-is-kitaya/brands/schneider-electric-supply/,Продукция Schneider Electric от дистрибьютера в Китае - Long Wang,Оригиналы Schneider от официального дистрибьютера в Китае,0,1,,OK
https://longwang.ru/supplies-services-china/parallelnyj-import-is-kitaya/brands/,https://longwang.ru/supplies-services-china/parallelnyj-import-is-kitaya/brands/smc-product-supplies/,Оригинальное оборудование SMC – Long Wang,Оригиналы SMC от официального дистрибьютера в Китае,0,1,,OK
https://longwang.ru/supplies-services-china/parallelnyj-import-is-kitaya/brands/,https://longwang.ru/supplies-services-china/parallelnyj-import-is-kitaya/brands/supply-ifm-electronic/,Поставка оригинального оборудования IFM Electronic- Long Wang,Поставка продукции IFM Electronic,0,1,,OK
https://longwang.ru/supplies-services-china/parallelnyj-import-is-kitaya/brands/,https://longwang.ru/supplies-services-china/parallelnyj-import-is-kitaya/brands/supply-masimo-products/,Поставка оригинального медицинского оборудования Masimo - Long Wang,Поставка продукции Masimo,0,1,,OK
https://longwang.ru/supplies-services-china/parallelnyj-import-is-kitaya/brands/,https://longwang.ru/supplies-services-china/parallelnyj-import-is-kitaya/brands/telco-product-supply/,"Поставка датчиков, разъемов и кабелей Telco из Китая","Оригинальные датчики, разъемы и кабели Telco из Китая",0,1,,OK
https://longwang.ru/supplies-services-china/parallelnyj-import-is-kitaya/brands/,https://longwang.ru/supplies-services-china/parallelnyj-import-is-kitaya/brands/turck-product-supplies/,Поставка оборудования Turck для автоматизации - Long Wang,Поставка продукции Turck,0,1,,OK
https://longwang.ru/supplies-services-china/parallelnyj-import-is-kitaya/brands/,https://longwang.ru/supplies-services-china/parallelnyj-import-is-kitaya/brands/volvo-penta-product-supplies/,Поставка продукции бренда VOLVO PENTA – Long Wang,Поставка продукции Volvo Penta,0,1,,OK
https://longwang.ru/supplies-services-china/parallelnyj-import-is-kitaya/brands/,https://longwang.ru/supplies-services-china/parallelnyj-import-is-kitaya/brands/wilo-product-supplies/,Поставки Wilo напрямую от дистрибьютера,Поставки оригинальной продукции Wilo,0,1,,OK
https://longwang.ru/supplies-services-china/parallelnyj-import-is-kitaya/brands/,https://longwang.ru/supplies-services-china/parallelnyj-import-is-kitaya/brands/xinyak-product-supplies/,Поставки оборудования Xinyak напрямую от дистрибьютера,Поставки оригинальной продукции Xinyak,0,1,,OK
