Целевая URL,Title,H1,Indexability,Word Count,Spelling Errors,Grammar Errors,Closest Near Duplicate Score,Near Duplicates,Closest Semantic Match,Semantic Similarity Score,Semantically Similar Pages,Content Inlinks,Card Inlinks,Breadcrumb Inlinks,Header/Footer Inlinks,Unique Content Donors,Unique Card Donors
https://longwang.ru/posledniye-novosti-iz-kitaya/,Последние новости из Китая - Long Wang,новости из китая,Indexable,772,0,0,0.0,0,https://longwang.ru/novosti-is-kitaya/,0.98,63,0,0,91,199,0,0
https://longwang.ru/supplies-services-china/parallelnyj-import-is-kitaya/brands/abb-product-supplies/,Продукция ABB от дистрибьютера в Китае - Прямые поставки - Long Wang,Оригиналы ABB от официального дистрибьютера в Китае,Indexable,684,0,0,97.0,4,https://longwang.ru/supplies-services-china/dostavka-is-kitaya/aviadostavka-iz-kitaya/,0.857,32,1,1,0,0,1,1
https://longwang.ru/supplies-services-china/parallelnyj-import-is-kitaya/brands/airtac-supple-china/,Продукция бренда AiRTAC – Long Wang,Продукция бренда AiRTAC,Indexable,511,0,0,0.0,0,https://longwang.ru/projects/podbor-i-proverka-postavschika-gruzovykh-avtomobiley/,0.835,38,1,1,0,0,1,1
https://longwang.ru/supplies-services-china/parallelnyj-import-is-kitaya/brands/allen-bradley-product-supplies/,Поставка продукции бренда Allen-Bradley – Long Wang,Поставка продукции Allen-Bradley,Indexable,448,0,0,0.0,0,https://longwang.ru/supplies-services-china/dostavka-is-kitaya/aviadostavka-iz-kitaya/,0.85,38,1,1,0,0,1,1
https://longwang.ru/supplies-services-china/parallelnyj-import-is-kitaya/brands/autonics-product-supplies/,Поставки Autonics напрямую от дистрибьютера,Поставки оригинальной продукции Autonics,Indexable,305,0,0,0.0,0,https://longwang.ru/supplies-services-china/dostavka-is-kitaya/aviadostavka-iz-kitaya/,0.886,122,1,1,0,0,1,1
https://longwang.ru/supplies-services-china/parallelnyj-import-is-kitaya/brands/baluff-sensors/,Продукция Baluff от дистрибьютера в Китае - Прямые поставки - Long Wang,Baluff от официального дилера в Китае,Indexable,680,0,0,0.0,0,https://longwang.ru/novosti-is-kitaya/portah-dalnego-vostoka/,0.832,9,1,1,0,0,1,1
https://longwang.ru/supplies-services-china/parallelnyj-import-is-kitaya/brands/cummins-product-supplies/,Поставка продукции бренда Cummins – Long Wang,Поставка продукции Cummins,Indexable,472,0,0,0.0,0,https://longwang.ru/supplies-services-china/dostavka-is-kitaya/aviadostavka-iz-kitaya/,0.867,103,1,1,0,0,1,1
https://longwang.ru/supplies-services-china/parallelnyj-import-is-kitaya/brands/curtis-instruments-product-supplies/,Поставка продукции бренда Curtis Instruments – Long Wang,Поставка продукции Curtis Instruments,Indexable,535,0,0,0.0,0,https://longwang.ru/supplies-services-china/parallelnyj-import-is-kitaya/brands/allen-bradley-product-supplies/,0.78,0,1,1,0,0,1,1
https://longwang.ru/supplies-services-china/parallelnyj-import-is-kitaya/brands/eaton-supply-china/,Оригиналы Eaton от дистрибьютера в Китае - Long Wang,Оригиналы Eaton от официального дистрибьютера в Китае,Indexable,732,0,0,85.0,3,https://longwang.ru/supplies-services-china/dostavka-is-kitaya/aviadostavka-iz-kitaya/,0.866,63,1,1,0,0,1,1
https://longwang.ru/supplies-services-china/parallelnyj-import-is-kitaya/brands/general-electric-product-supplies/,Поставка продукции General Electric – Long Wang,Поставка продукции General Electric,Indexable,457,0,0,0.0,0,https://longwang.ru/supplies-services-china/parallelnyj-import-is-kitaya/brands/sany-product-supplies/,0.837,31,1,1,0,0,1,1
https://longwang.ru/supplies-services-china/parallelnyj-import-is-kitaya/brands/honeywell-supply/,Оригиналы Honeywell от дистрибьютера в Китае - Long Wang,Оригиналы Honeywell от официального дистрибьютера в Китае,Indexable,783,0,0,0.0,0,https://longwang.ru/supplies-services-china/dostavka-is-kitaya/aviadostavka-iz-kitaya/,0.802,1,1,1,0,0,1,1
https://longwang.ru/supplies-services-china/parallelnyj-import-is-kitaya/brands/kubler-equipment/,"Поставка оригинального оборудования, энкодеров Kubler- Long Wang",Поставка продукции Kubler,Indexable,601,0,0,0.0,0,https://longwang.ru/supplies-services-china/dostavka-is-kitaya/aviadostavka-iz-kitaya/,0.792,0,1,1,0,0,1,1
https://longwang.ru/supplies-services-china/parallelnyj-import-is-kitaya/brands/omron-product-supplies/,Поставка продукции бренда Omron – Long Wang,Поставка продукции Omron,Indexable,472,0,0,0.0,0,https://longwang.ru/supplies-services-china/dostavka-is-kitaya/aviadostavka-iz-kitaya/,0.883,111,1,1,0,0,1,1
https://longwang.ru/supplies-services-china/parallelnyj-import-is-kitaya/brands/pilz-equipment/,"Поставка оригинального оборудования, реле Pilz- Long Wang",Поставка продукции PILZ,Indexable,663,0,0,0.0,0,https://longwang.ru/supplies-services-china/dostavka-is-kitaya/aviadostavka-iz-kitaya/,0.832,11,1,1,0,0,1,1
https://longwang.ru/supplies-services-china/parallelnyj-import-is-kitaya/brands/sany-product-supplies/,Поставка продукции бренда SANY – Long Wang,Поставка продукции Sany,Indexable,498,0,0,0.0,0,https://longwang.ru/supplies-services-china/dostavka-is-kitaya/aviadostavka-iz-kitaya/,0.878,110,1,1,0,0,1,1
https://longwang.ru/supplies-services-china/parallelnyj-import-is-kitaya/brands/supply-ifm-electronic/,Поставка оригинального оборудования IFM Electronic- Long Wang,Поставка продукции IFM Electronic,Indexable,966,0,0,0.0,0,https://longwang.ru/international/proizvodstvo-plastmassovyh-izdelij-v-kitae/,0.824,12,1,1,0,0,1,1
https://longwang.ru/supplies-services-china/parallelnyj-import-is-kitaya/brands/turck-product-supplies/,Поставка оборудования Turck для автоматизации - Long Wang,Поставка продукции Turck,Indexable,924,0,0,0.0,0,https://longwang.ru/supplies-services-china/goods-check-china/,0.822,4,1,1,0,0,1,1
https://longwang.ru/supplies-services-china/parallelnyj-import-is-kitaya/brands/volvo-penta-product-supplies/,Поставка продукции бренда VOLVO PENTA – Long Wang,Поставка продукции Volvo Penta,Indexable,455,0,0,0.0,0,https://longwang.ru/supplies-services-china/parallelnyj-import-is-kitaya/brands/autonics-product-supplies/,0.862,68,1,1,0,0,1,1
https://longwang.ru/supplies-services-china/parallelnyj-import-is-kitaya/brands/wilo-product-supplies/,Поставки Wilo напрямую от дистрибьютера,Поставки оригинальной продукции Wilo,Indexable,490,0,0,0.0,0,https://longwang.ru/supplies-services-china/parallelnyj-import-is-kitaya/brands/festo-equipment-supplies/,0.871,93,1,1,0,0,1,1
https://longwang.ru/supplies-services-china/parallelnyj-import-is-kitaya/brands/xinyak-product-supplies/,Поставки оборудования Xinyak напрямую от дистрибьютера,Поставки оригинальной продукции Xinyak,Indexable,526,0,0,0.0,0,https://longwang.ru/supplies-services-china/parallelnyj-import-is-kitaya/brands/sany-product-supplies/,0.867,101,1,1,0,0,1,1
https://longwang.ru/international/import-v-kitaj/,"Импорт и экспорт Китая в отношении России вырос на 31,4% - Long Wang","Импорт и экспорт Китая в отношении России вырос на 31,4%",Indexable,284,0,0,0.0,0,https://longwang.ru/useful-articles/rasschitat-dostavku-iz-kitaya/,0.887,89,2,0,0,0,2,0
https://longwang.ru/international/keetay-nasheemee-partnyeramee/,Россия и Китай: рост торговли сельхозпродукцией в 2025–2026,Россия и Китай: как растёт торговля сельхозпродукцией,Indexable,647,0,0,0.0,0,https://longwang.ru/international/,0.966,117,2,0,0,0,2,0
https://longwang.ru/international/kitajskaya-kosmeticheskaya-industriya/,Косметика из Китая. Индустрия косметики в Китае - Long Wang,Косметика из Китая. Индустрия косметики в Китае,Indexable,361,0,0,0.0,0,https://longwang.ru/international/proizvodstvo-plastmassovyh-izdelij-v-kitae/,0.904,111,2,0,0,0,2,0
https://longwang.ru/international/novyj-hab-dlya-tovarov-iz-kitaya/,Новый хаб для товаров из Китая - Long Wang,Новый хаб для товаров из Китая,Indexable,506,0,0,0.0,0,https://longwang.ru/supplies-services-china/goods-check-china/,0.893,141,2,0,0,0,2,0
https://longwang.ru/international/proizvodstvo-plastmassovyh-izdelij-v-kitae/,Производство пластмассовых изделий в Китае - Long Wang,Производство пластмассовых изделий в Китае,Indexable,517,0,0,0.0,0,https://longwang.ru/international/volna-kitayskogo-eksporta/,0.906,144,2,0,0,0,2,0
https://longwang.ru/international/tovarooborot-rossii-i-kitaya-stavit-rekordy/,Товарооборот России и Китая: как рекорды 2025–2026 меняют правила импорта,Рекорды товарооборота России и Китая: что это значит для бизнеса,Indexable,836,0,0,0.0,0,https://longwang.ru/novosti-is-kitaya/rost-czen-na-postavki-tovarov-iz-kitaya-v-rossiyu/,0.931,61,2,0,0,0,2,0
https://longwang.ru/international/volna-kitayskogo-eksporta/,Новая волна китайского экспорта 2026: что меняется для российского бизнеса,Новая волна китайского экспорта: возможности и риски для российского импорта,Indexable,948,0,0,0.0,0,https://longwang.ru/useful-articles/parallelnyj-import-segodnya/,0.942,146,2,0,0,0,2,0
https://longwang.ru/novosti-is-kitaya/caterpillar-postavki-2022/,CATERPILLAR: поставки запчастей после санкций - Long Wang,CATERPILLAR: поставки запчастей после санкций,Indexable,444,0,0,0.0,0,https://longwang.ru/supplies-services-china/parallelnyj-import-is-kitaya/brands/caterpillar-spare-parts/,0.912,3,2,0,0,0,2,0
https://longwang.ru/novosti-is-kitaya/https-longwang-ru-alibaba/,Новый сервис от Alibaba - Long Wang,Новый сервис от Alibaba,Indexable,162,0,0,0.0,0,https://longwang.ru/useful-articles/wholesale-goods-alibaba/,0.867,13,2,0,0,0,2,0
https://longwang.ru/novosti-is-kitaya/itogi-rasprodazhi-11-11/,"Топ товаров на распродаже 11.11 в Китае 2024–2026: цифры, тренды и выводы для бизнеса",Итоги распродаж 11.11 2024–2026 В Китае: что покупают китайцы и как это пригодится бизнесу в РФ,Indexable,1501,0,0,0.0,0,https://longwang.ru/posledniye-novosti-iz-kitaya/,0.926,99,2,0,0,0,2,0
https://longwang.ru/novosti-is-kitaya/keetayiskeeye-bankomati/,Сбербанк переходит на китайские банкоматы и ПО,«СБЕРБАНК» переходит на китайские банкоматы,Indexable,215,0,0,0.0,0,https://longwang.ru/useful-articles/worlds-brend-equipment/,0.873,81,2,0,0,0,2,0
https://longwang.ru/novosti-is-kitaya/kitajskie-akczii-v-rossii/,Китайские акции в России: рост 10% за день и перспективы 2026,Китайские акции в России: рекордный рост и новые возможности для бизнеса,Indexable,738,0,0,0.0,0,https://longwang.ru/novosti-is-kitaya/,0.962,60,2,0,0,0,2,0
https://longwang.ru/novosti-is-kitaya/obmyenniyi-kurs-yuanya-upal/,Обмен юаня: курс упал ниже 7 по отношению к доллару - Long Wang,Обмен юаня: курс упал ниже 7 по отношению к доллару,Indexable,195,0,0,0.0,0,https://longwang.ru/useful-articles/obrazczy-dokumentov-dlya-raboty-s-postavshhikami-iz-kitaya/,0.866,102,2,0,0,0,2,0
https://longwang.ru/novosti-is-kitaya/portah-dalnego-vostoka/,Порты ДФО: Улучшение ситуации - обзор на октябрь 2022 - Long Wang,Порты ДФО: Улучшение ситуации — обзор на октябрь 2022,Indexable,345,0,0,0.0,0,https://longwang.ru/useful-articles/otkaznye-pisma/,0.907,144,2,0,0,0,2,0
https://longwang.ru/novosti-is-kitaya/prekrascheniye-raboty-kitayskogo-banka-s-rossiyey/,Зависшие товары и рост цен – последствия прекращения работы китайского банка с РФ - Long Wang,Зависшие товары и рост цен – последствия прекращения работы китайского банка с РФ,Indexable,763,0,0,0.0,0,https://longwang.ru/useful-articles/worlds-brend-equipment/,0.877,128,2,0,0,0,2,0
https://longwang.ru/novosti-is-kitaya/rost-czen-na-postavki-tovarov-iz-kitaya-v-rossiyu/,Рост цен на поставки из Китая в 2025-2026: причины и как заменить карго,Рост цен на поставки из Китая в Россию: причины 2025-2026 и как адаптироваться бизнесу,Indexable,1182,0,0,0.0,0,https://longwang.ru/useful-articles/biznes-s-kitaem-s-nulya-chto-nuzhno-znat-nachinayushhemu-predprinimatelyu/,0.949,107,2,0,0,0,2,0
https://longwang.ru/novosti-is-kitaya/spad-proizvodstva-kitaya/,"Производство в Китае 2026: где спад, а где рост для импортера",Производство в Китае 2025-2026: от спада к новому технологическому рывку,Indexable,1270,0,0,0.0,0,https://longwang.ru/international/,0.94,124,2,0,0,0,2,0
https://longwang.ru/novosti-is-kitaya/spros-na-kitajskie-brendy-televizorov/,Китайские бренды телевизоров: почему спрос вырос на 95% в 2026,Китайские телевизоры вытесняют конкурентов: что нужно знать бизнесу,Indexable,849,0,0,0.0,0,https://longwang.ru/novosti-is-kitaya/,0.872,34,2,0,0,0,2,0
https://longwang.ru/novosti-is-kitaya/xiaomi-vvoz-noutbukov-v-rossiyu/,Xiaomi может начать официальный ввоз ноутбуков в Россию - Long Wang,Xiaomi может начать официальный ввоз ноутбуков в Россию,Indexable,367,0,0,0.0,0,https://longwang.ru/useful-articles/analogi-mirovyh-brendov-v-kitae/,0.848,22,2,0,0,0,2,0
https://longwang.ru/useful-articles/agent-ved-broker-kitay/,Импорт из Китая под свой контракт или через брокера? - Long Wang,"Импорт из Китая: сами, через брокера или через агента ВЭД — что реально работает",Indexable,566,0,0,0.0,0,https://longwang.ru/useful-articles/dokumentalnoe-oformlenie-importa-cherez-agenta/,0.941,131,2,0,0,0,2,0
https://longwang.ru/useful-articles/atlas-copco-innovations/,Инновации компании Atlas Copco: технологии будущего - Long Wang,Инновации компании Atlas Copco: технологии будущего,Indexable,654,0,0,0.0,0,https://longwang.ru/supplies-services-china/parallelnyj-import-is-kitaya/brands/atlas-copco-product-supplies/,0.925,38,2,0,0,0,2,0
https://longwang.ru/useful-articles/bayer-v-kitae-plyusy-i-minusy/,Байер в Китае - плюсы и минусы - Long Wang,Байер в Китае — плюсы и минусы,Indexable,933,0,0,0.0,0,https://longwang.ru/useful-articles/kak-nachat-biznes-s-kitaem-chast-1/,0.929,111,2,0,0,0,2,0
https://longwang.ru/useful-articles/biznes-s-kitaem-s-nulya-chto-nuzhno-znat-nachinayushhemu-predprinimatelyu/,Бизнес с Китаем с нуля 2026: что реально нужно знать новичку,Бизнес с Китаем с нуля: что нужно знать начинающему предпринимателю в 2026 году,Indexable,1753,0,0,0.0,0,https://longwang.ru/novosti-is-kitaya/rost-czen-na-postavki-tovarov-iz-kitaya-v-rossiyu/,0.949,131,2,0,0,0,2,0
https://longwang.ru/useful-articles/cargo-at-customs/,Как сделать таможенное оформление грузов из Китая - Long Wang,Как правильно оформить груз на таможне и не попасть под штрафы?,Indexable,1350,0,0,0.0,0,https://longwang.ru/supplies-services-china/dostavka-is-kitaya/tamojennoe-oformlenie-china/,0.925,122,2,0,0,0,2,0
https://longwang.ru/useful-articles/cheeper-shipping-china/,Консолидация грузов из Китая: как экономить при нескольких поставщиках,Экономия на доставке из Китая: как объединить грузы от разных поставщиков,Indexable,945,0,0,0.0,0,https://longwang.ru/supplies-services-china/dostavka-is-kitaya/tamojennoe-oformlenie-china/,0.933,144,2,0,0,0,2,0
https://longwang.ru/useful-articles/chtoby-ozhidanie-sovpadalo-s-realnostyu-7-prakticheskih-rekomendaczii-dlya-vedeniya-biznesa-s-kitaem-s-nulya/,7 практических рекомендаций для ведения бизнеса с Китаем с нуля - Long Wang,7 практических рекомендаций для ведения бизнеса с Китаем с нуля,Indexable,1542,0,0,0.0,0,https://longwang.ru/useful-articles/obrazczy-dokumentov-dlya-raboty-s-postavshhikami-iz-kitaya/,0.914,129,2,0,0,0,2,0
https://longwang.ru/useful-articles/customs-clearance-china/,Как растаможить товар из Китая - Long Wang,Как растаможить товар из Китая,Indexable,1240,0,0,0.0,0,https://longwang.ru/supplies-services-china/,0.926,111,2,0,0,0,2,0
https://longwang.ru/useful-articles/delayed-cargo-from-china/,Задержка груза из Китая: как избежать рисков- Long Wang,Задержка груза из Китая,Indexable,1693,0,0,0.0,0,https://longwang.ru/useful-articles/cheeper-shipping-china/,0.916,107,2,0,0,0,2,0
https://longwang.ru/useful-articles/dokumentalnoe-oformlenie-importa-cherez-agenta/,Документы для импорта из Китая через агента: карго и официальный импорт,Документальное оформление импорта через агента: какие документы получает импортёр,Indexable,746,0,0,0.0,0,https://longwang.ru/useful-articles/agent-ved-broker-kitay/,0.941,129,2,0,0,0,2,0
https://longwang.ru/useful-articles/exhibitions-in-china/,"Выставки в Китае – бизнес, культура и возможности с Longwang",Выставки в Китае,Indexable,830,0,0,0.0,0,https://longwang.ru/useful-articles/kitajskie-internet-magaziny/,0.885,108,2,0,0,0,2,0
https://longwang.ru/useful-articles/find-chinese-supplier/,Как найти и проверить поставщика в Китае: с чего начать и что важно знать,Гид для начинающих импортёров: как искать и проверять поставщика в Китае,Indexable,1942,0,0,0.0,0,https://longwang.ru/useful-articles/torgovye-ploshadki-kitaya/,0.923,139,2,0,0,0,2,0
https://longwang.ru/useful-articles/himicheskaya-promyshlennost-v-kitae/,Химическая промышленность Китая: где искать поставщиков и на чём можно сэкономить - Long Wang,Химическая промышленность Китая: где искать поставщиков и на чём можно сэкономить,Indexable,479,0,0,0.0,0,https://longwang.ru/useful-articles/obrazczy-dokumentov-dlya-raboty-s-postavshhikami-iz-kitaya/,0.89,123,2,0,0,0,2,0
https://longwang.ru/useful-articles/import-of-batteries/,Ввоз аккумуляторов из Китая в Россию что нужно знать,Ввоз аккумуляторов из Китая: где чаще всего теряют деньги и как этого избежать,Indexable,737,0,0,0.0,0,https://longwang.ru/useful-articles/cheeper-shipping-china/,0.924,131,2,0,0,0,2,0
https://longwang.ru/useful-articles/incorrect-labeling/,Неправильная маркировка товаров из Китая: штрафы до 1 млн и блокировки маркетплейсов,"Неправильная маркировка товаров из Китая: штрафы, риски и как их избежать",Indexable,1109,0,0,0.0,0,https://longwang.ru/useful-articles/tamozhennaya-sertifikacziya/,0.931,150,2,0,0,0,2,0
https://longwang.ru/useful-articles/iz-kitaya-mozhet-prijti-povrezhdyonnyj-gruz/,Из Китая может прийти повреждённый груз - Long Wang,Из Китая может прийти повреждённый груз,Indexable,787,0,0,0.0,0,https://longwang.ru/useful-articles/pryamye-postavki-iz-kitaya/,0.931,111,2,0,0,0,2,0
https://longwang.ru/useful-articles/kak-dostavit-gruz-iz-kitaya/,Как выбрать доставку из Китая: сравнение способов для вашего груза,Гид по выбору оптимального способа доставки грузов из Китая в этом году,Indexable,1366,0,0,0.0,0,https://longwang.ru/useful-articles/aviadostavka-gruzov-iz-kitaya/,0.927,134,2,0,0,0,2,0
https://longwang.ru/useful-articles/kak-nachat-biznes-s-kitaem-chast-1/,Советы для начинающих: как начать бизнес с Китаем с нуля (Часть 1) - Long Wang,Советы для начинающих: как начать бизнес с Китаем с нуля (Часть 1),Indexable,1073,0,0,0.0,0,https://longwang.ru/useful-articles/kak-nachat-biznes-s-kitaem-s-nulya-chast-2/,0.969,124,2,0,0,0,2,0
https://longwang.ru/useful-articles/kak-nachat-biznes-s-kitaem-s-nulya-chast-2/,Советы для начинающих: как начать бизнес с Китаем с нуля (Часть 2) - Long Wang,Советы для начинающих: как начать бизнес с Китаем с нуля (Часть 2),Indexable,1476,0,0,0.0,0,https://longwang.ru/useful-articles/kak-nachat-biznes-s-kitaem-chast-1/,0.969,127,2,0,0,0,2,0
https://longwang.ru/useful-articles/kak-poluchit-gruz-v-terminale-pulkovo/,"Как получить груз в терминале Пулково: пошаговая инструкция для тех, кто здесь впервые - Long Wang","Как получить груз в терминале Пулково: пошаговая инструкция для тех, кто здесь впервые",Indexable,608,0,0,0.0,0,https://longwang.ru/useful-articles/kak-poluchit-gruz-v-terminale-sheremetevo/,0.936,140,2,0,0,0,2,0
https://longwang.ru/useful-articles/kak-poluchit-gruz-v-terminale-sheremetevo/,Как получить груз в терминале Шереметьево и не попасть на платное хранение - Long Wang,Как получить груз в терминале Шереметьево и не попасть на платное хранение,Indexable,722,0,0,0.0,0,https://longwang.ru/useful-articles/kak-poluchit-gruz-v-terminale-pulkovo/,0.936,107,2,0,0,0,2,0
https://longwang.ru/useful-articles/kak-vernut-tovar-v-kitay/,Как вернуть товар в Китай - Long Wang,Как вернуть товар в Китай,Indexable,980,0,0,0.0,0,https://longwang.ru/supplies-services-china/goods-check-china/,0.945,113,2,0,0,0,2,0
https://longwang.ru/useful-articles/kitajskie-internet-magaziny/,Китайские интернет-магазины: главные особенности - Long Wang,Китайские интернет-магазины: главные особенности,Indexable,835,0,0,0.0,0,https://longwang.ru/useful-articles/find-chinese-supplier/,0.907,141,2,0,0,0,2,0
https://longwang.ru/useful-articles/laboratory-thermo-equipment/,"Как выбрать лабораторное термооборудование из Китая: печи, шкафы, камеры",Как выбрать лабораторное термооборудование из Китая,Indexable,1260,0,0,0.0,0,https://longwang.ru/supplies-services-china/equipment-from-china/thermo-equipment-china/,0.938,125,2,0,0,0,2,0
https://longwang.ru/useful-articles/logistika-iz-kitaya/,Логистика из Китая - Long Wang,Логистика из Китая,Indexable,424,0,0,0.0,0,https://longwang.ru/useful-articles/tamozhennaya-sertifikacziya/,0.916,119,2,0,0,0,2,0
https://longwang.ru/useful-articles/mistakes-when-working-china/,Ошибки при импорте из Китая и как их избежать – Long Wang,7 ошибок при работе с китайской компанией,Indexable,713,0,0,0.0,0,https://longwang.ru/useful-articles/find-chinese-supplier/,0.901,123,2,0,0,0,2,0
https://longwang.ru/useful-articles/negotiations-with-chinese-partners/,"Переговоры с китайскими партнёрами: психология, тактика и скрытые смыслы",Переговоры с китайскими партнёрами: как их понимать и договариваться,Indexable,1411,0,0,0.0,0,https://longwang.ru/supplies-services-china/autsorsing-ved/ved-s-kitaem/,0.92,130,2,0,0,0,2,0
https://longwang.ru/useful-articles/obrazczy-dokumentov-dlya-raboty-s-postavshhikami-iz-kitaya/,"Документы для работы с Китаем: контракт, инвойс, packing list и сертификация","Документы для работы с поставщиками из Китая: контракт, инвойс, упаковочный лист",Indexable,1116,0,0,0.0,0,https://longwang.ru/useful-articles/belaya-dostavka-iz-kitaya/,0.926,140,2,0,0,0,2,0
https://longwang.ru/useful-articles/oplata-tovarov-v-kitae/,"Оплата товаров в Китае в этом году: способы, условия, таблица сравнения",Оплата товаров в Китае в новых реалиях,Indexable,1306,0,0,0.0,0,https://longwang.ru/novosti-is-kitaya/rost-czen-na-postavki-tovarov-iz-kitaya-v-rossiyu/,0.916,122,2,0,0,0,2,0
https://longwang.ru/useful-articles/otkaznye-pisma/,Отказные письма на китайские товары- Long Wang,Отказные письма,Indexable,822,0,0,0.0,0,https://longwang.ru/supplies-services-china/goods-check-china/,0.941,144,2,0,0,0,2,0
https://longwang.ru/useful-articles/ozon-from-china/,Закупка товаров из Китая для Ozon: как не потерять деньги на старте - Long Wang,Закупка товаров из Китая для Ozon: как не потерять деньги на старте,Indexable,1066,0,0,0.0,0,https://longwang.ru/useful-articles/purchase-of-construction-equipment/,0.916,140,2,0,0,0,2,0
https://longwang.ru/useful-articles/parallelnyj-import-segodnya/,Параллельный импорт из Китая в настоящем: описание методик и правил,Параллельный импорт из Китая 2026: как ввозить бренды и где брать оригиналы,Indexable,1061,0,0,0.0,0,https://longwang.ru/international/volna-kitayskogo-eksporta/,0.942,142,2,0,0,0,2,0
https://longwang.ru/useful-articles/payment-methods-china/,Оплаты поставщикам в Китае. Проблемы. Способы. - Long Wang,Оплаты поставщикам в Китае. Проблемы. Способы.,Indexable,1175,0,0,0.0,0,https://longwang.ru/supplies-services-china/autsorsing-ved/platezhi-v-kitai/,0.926,138,2,0,0,0,2,0
https://longwang.ru/useful-articles/poleznye-sovety-dlya-uspeshnoj-dostavki-iz-kitaya/,Полезные советы для успешной доставки из Китая - Long Wang,Полезные советы для успешной доставки из Китая,Indexable,388,0,0,0.0,0,https://longwang.ru/supplies-services-china/goods-check-china/,0.944,121,2,0,0,0,2,0
https://longwang.ru/useful-articles/populyarnyye-tovary-iz-kitaya/,"Как выбрать товар для импорта из Китая в 2026 году — спрос, маржа и риски",Как выбрать товар для импорта из Китая: пошаговый алгоритм,Indexable,1209,0,0,0.0,0,https://longwang.ru/useful-articles/popular-products-china/,0.93,141,2,0,0,0,2,0
https://longwang.ru/useful-articles/postavki-danfoss/,Поставки оригинальной продукции Danfoss - Long Wang,Поставки оригинальной продукции Danfoss,Indexable,634,0,0,0.0,0,https://longwang.ru/supplies-services-china/parallelnyj-import-is-kitaya/brands/danfoss-product-supplies/,0.955,71,2,0,0,0,2,0
https://longwang.ru/useful-articles/proizvodstvo-svoego-tovara-v-kitae/,OEM в Китае 2026: производство своего товара под ключ,Производство своего товара в Китае2026: от идеи до серийной партии,Indexable,1271,0,0,0.0,0,https://longwang.ru/novosti-is-kitaya/spad-proizvodstva-kitaya/,0.89,129,2,0,0,0,2,0
https://longwang.ru/useful-articles/proslezhivaemost-chestnyj-znak/,Прослеживаемость и «Честный знак» для импортеров: правила сегодня,Прослеживаемость и «Честный знак»: как импортеру правильно подойти к оформлению,Indexable,1211,0,0,0.0,0,https://longwang.ru/useful-articles/incorrect-labeling/,0.897,128,2,0,0,0,2,0
https://longwang.ru/useful-articles/proslezhivaemost-tovarov/,Прослеживаемость импортных товаров суть системы - Long Wang,Прослеживаемость импортных товаров суть системы,Indexable,711,0,0,0.0,0,https://longwang.ru/useful-articles/tamozhennaya-sertifikacziya/,0.927,141,2,0,0,0,2,0
https://longwang.ru/useful-articles/pryamye-postavki-iz-kitaya/,ПРЯМЫЕ ПОСТАВКИ ИЗ КИТАЯ - Long Wang,ПРЯМЫЕ ПОСТАВКИ ИЗ КИТАЯ,Indexable,1143,0,0,0.0,0,https://longwang.ru/supplies-services-china/goods-check-china/,0.936,138,2,0,0,0,2,0
https://longwang.ru/useful-articles/purchases-without-intermediaries/,Как снизить риски при закупке товаров в Китае без посредников Long Wang,Как закупать товары оптом в Китае без посредников: советы и риски,Indexable,545,0,0,0.0,0,https://longwang.ru/supplies-services-china/goods-check-china/,0.942,125,2,0,0,0,2,0
https://longwang.ru/useful-articles/rasschitat-dostavku-iz-kitaya/,Как самостоятельно рассчитать стоимость доставки из Китая,Как самостоятельно рассчитать стоимость доставки из Китая в Россию,Indexable,804,0,0,0.0,0,https://longwang.ru/supplies-services-china/dostavka-is-kitaya/aviadostavka-iz-kitaya/,0.906,122,2,0,0,0,2,0
https://longwang.ru/useful-articles/shipping-cost/,Доставка товаров из Китая в Россию – экономия на упаковке - Long Wang,Как снизить стоимость доставки из Китая: правильная упаковка,Indexable,750,0,0,0.0,0,https://longwang.ru/useful-articles/poleznye-sovety-dlya-uspeshnoj-dostavki-iz-kitaya/,0.938,133,2,0,0,0,2,0
https://longwang.ru/useful-articles/stoimost-dostavki-iz-kitaya/,Расчет стоимости доставки из Китая в 2026 – полная методика,"Советы по расчету стоимости доставки из Китая в 2026 году, как считать реально",Indexable,1095,0,0,0.0,0,https://longwang.ru/useful-articles/popular-products-china/,0.935,135,2,0,0,0,2,0
https://longwang.ru/useful-articles/tamozhennaya-sertifikacziya/,Таможенная сертификация товаров из Китая: полный гид по документам,Таможенная сертификация товаров из Китая: как легально ввезти и продавать в России,Indexable,1650,0,0,0.0,0,https://longwang.ru/useful-articles/otkaznye-pisma/,0.932,146,2,0,0,0,2,0
https://longwang.ru/useful-articles/ten-mistakes/,10 ключевых ошибок при работе с Китаем в Новый год,10 ключевых ошибок при работе с китайскими поставщиками в Новый год,Indexable,731,0,0,0.0,0,https://longwang.ru/supplies-services-china/equipment-from-china/,0.915,126,2,0,0,0,2,0
https://longwang.ru/useful-articles/torgovye-ploshadki-kitaya/,"Торговые площадки Китая: где ищут поставщиков и чем отличаются Alibaba, 1688 и другие платформы - Long Wang","Торговые площадки Китая: где ищут поставщиков и чем отличаются Alibaba, 1688 и другие платформы",Indexable,910,0,0,0.0,0,https://longwang.ru/useful-articles/find-chinese-supplier/,0.923,35,2,0,0,0,2,0
https://longwang.ru/useful-articles/useful-articles-furniture-from-china/,"Импорт мебели из Китая: поставщики, доставка и таможня",Импорт мебели из Китая: как найти поставщика и избежать ошибок,Indexable,1186,0,0,0.0,0,https://longwang.ru/useful-articles/obrazczy-dokumentov-dlya-raboty-s-postavshhikami-iz-kitaya/,0.921,136,2,0,0,0,2,0
https://longwang.ru/useful-articles/vat-refund-china/,Как возвращать китайский НДС. VAT refund в Китае.,"Возврат НДС при экспорте из Китая: условия, расчёт и схема VAT refund",Indexable,948,0,0,0.0,0,https://longwang.ru/international/volna-kitayskogo-eksporta/,0.878,119,2,0,0,0,2,0
https://longwang.ru/useful-articles/wholesale-goods-alibaba/,Покупка товаров оптом на Alibaba - Long Wang,Покупка товаров оптом на Alibaba,Indexable,1349,0,0,0.0,0,https://longwang.ru/useful-articles/find-chinese-supplier/,0.912,29,2,0,0,0,2,0
https://longwang.ru/useful-articles/worlds-brend-equipment/,Подделки при импорте санкционного оборудования из Китая - Long Wang,Как не купить подделку или б/у санкционное оборудование в Китае через посредника,Indexable,840,0,0,0.0,0,https://longwang.ru/projects/oborudovanie-v-lizing-po-lgotnoj-stavke/,0.934,135,2,0,0,0,2,0
https://longwang.ru/useful-articles/zashhita-informaczii-ved/,Защита коммерческой информации по сделкам ВЭД - Long Wang,Защита коммерческой информации по сделкам ВЭД,Indexable,519,0,0,0.0,0,https://longwang.ru/useful-articles/agent-ved-broker-kitay/,0.934,121,2,0,0,0,2,0
https://longwang.ru/supplies-services-china/parallelnyj-import-is-kitaya/brands/baumer-sensors-order/,Поставки датчиков и продуктов Baumer - Long Wang,Датчики и энкодеры Baumer для промышленной автоматизации,Indexable,1013,0,0,0.0,0,https://longwang.ru/supplies-services-china/parallelnyj-import-is-kitaya/brands/bitzer-compressors-parts/,0.803,1,2,1,0,0,2,1
https://longwang.ru/supplies-services-china/parallelnyj-import-is-kitaya/brands/brevini-motion-systems-product-supplies/,"Редукторы, мотор-редукторы, насосы Brevini - Long Wang",Редукторы Brevini и гидромоторы: поставка оригиналов из Китая,Indexable,987,0,0,0.0,0,https://longwang.ru/supplies-services-china/equipment-from-china/,0.855,50,2,1,0,0,2,1
https://longwang.ru/supplies-services-china/parallelnyj-import-is-kitaya/brands/danfoss-product-supplies/,Продукция бренда Danfoss – Long Wang,Продукция бренда Danfoss,Indexable,513,0,0,0.0,0,https://longwang.ru/useful-articles/postavki-danfoss/,0.955,24,2,1,0,0,2,1
https://longwang.ru/supplies-services-china/parallelnyj-import-is-kitaya/brands/fronius-equipment-supply/,Сварочное оборудование Fronius: поставка из Китая — Long Wang,Оригинальное оборудование Fronius со складов в Китае,Indexable,1377,0,0,0.0,0,https://longwang.ru/,0.779,0,2,1,0,0,2,1
https://longwang.ru/supplies-services-china/parallelnyj-import-is-kitaya/brands/mattei-rotors-compressors/,Компрессоры Mattei: поставка роторно-лопастного оборудования из Китая,Поставка компрессоров Mattei и комплектующих,Indexable,1262,0,0,0.0,0,https://longwang.ru/,0.788,0,2,1,0,0,2,1
https://longwang.ru/supplies-services-china/parallelnyj-import-is-kitaya/brands/schneider-electric-supply/,Продукция Schneider Electric от дистрибьютера в Китае - Long Wang,Оригиналы Schneider от официального дистрибьютера в Китае,Indexable,692,0,0,97.0,3,https://longwang.ru/supplies-services-china/dostavka-is-kitaya/aviadostavka-iz-kitaya/,0.811,2,2,1,0,0,2,1
https://longwang.ru/supplies-services-china/parallelnyj-import-is-kitaya/brands/supply-masimo-products/,Поставка оригинального медицинского оборудования Masimo - Long Wang,Поставка продукции Masimo,Indexable,921,0,0,0.0,0,https://longwang.ru/supplies-services-china/dostavka-is-kitaya/aviadostavka-iz-kitaya/,0.853,90,2,1,0,0,2,1
https://longwang.ru/international/prodazhee-keetayiskeeh-bryendov/,Рост продажи китайских брендов в России,Продажи китайских брендов выросли в 2 раза,Indexable,166,0,0,0.0,0,https://longwang.ru/,0.882,120,3,0,0,0,3,0
https://longwang.ru/international/speczialnye-ekonomicheskie-zony-v-kitae/,Специальные экономические зоны Китая: как на них зарабатывает российский бизнес - Long Wang,Специальные экономические зоны Китая: как на них зарабатывает российский бизнес,Indexable,887,0,0,0.0,0,https://longwang.ru/supplies-services-china/equipment-from-china/,0.929,139,3,0,0,0,3,0
https://longwang.ru/novosti-is-kitaya/kitajskaya-industriya-igrushek/,"Китайская индустрия игрушек: объемы, тренды и технологии 2026",Китайская индустрия игрушек: как устроен главный в мире производитель,Indexable,1146,0,0,0.0,0,https://longwang.ru/useful-articles/biznes-s-kitaem-s-nulya-chto-nuzhno-znat-nachinayushhemu-predprinimatelyu/,0.917,130,3,0,0,0,3,0
https://longwang.ru/novosti-is-kitaya/kitajskie-drony-mirovoj-trend/,Китайские дроны: мировой тренд и как бизнесу их закупать в 2026,Китайские дроны — мировой тренд: возможности для российского бизнеса,Indexable,869,0,0,0.0,0,https://longwang.ru/international/tovarooborot-rossii-i-kitaya-stavit-rekordy/,0.909,101,3,0,0,0,3,0
https://longwang.ru/useful-articles/analogi-mirovyh-brendov-v-kitae/,Аналоги мировых брендов в Китае - Long Wang,Аналоги мировых брендов в Китае,Indexable,511,0,0,0.0,0,https://longwang.ru/useful-articles/kitajskie-internet-magaziny/,0.875,73,3,0,0,0,3,0
https://longwang.ru/useful-articles/belaya-dostavka-iz-kitaya/,Белая доставка из Китая: что это такое и как отличить её от серых схем,Что называют «белой доставкой» из Китая и чем она отличается от серых схем,Indexable,960,0,0,0.0,0,https://longwang.ru/useful-articles/obrazczy-dokumentov-dlya-raboty-s-postavshhikami-iz-kitaya/,0.926,123,3,0,0,0,3,0
https://longwang.ru/useful-articles/how-much-shipping-cost/,Стоимость доставки товара из Китая в Россию и ее расчет,Сколько стоит доставка груза из Китая: расчет и примеры,Indexable,682,0,0,0.0,0,https://longwang.ru/useful-articles/kak-dostavit-gruz-iz-kitaya/,0.925,116,3,0,0,0,3,0
https://longwang.ru/useful-articles/incorrect-import-calculation/,Как избежать проблем при выкупе и доставке из Китая - Long Wang,Рост цены при доставке и импорте из Китая через агента или брокера и как этого избежать,Indexable,1057,0,0,0.0,0,https://longwang.ru/supplies-services-china/autsorsing-ved/ved-s-kitaem/,0.928,125,3,0,0,0,3,0
https://longwang.ru/useful-articles/industrial-thermo-guide/,Промышленные печи и термооборудование из Китая: модели и выбор,Промышленные печи и сушильные шкафы из Китая: гайд по выбору,Indexable,1753,0,0,0.0,0,https://longwang.ru/useful-articles/,0.928,126,3,0,0,0,3,0
https://longwang.ru/useful-articles/konsolidacziya-sbornyh-gruzov-iz-kitaya/,Консолидация сборных грузов из Китая - Long Wang,Консолидация сборных грузов из Китая,Indexable,669,0,0,0.0,0,https://longwang.ru/useful-articles/kak-poluchit-gruz-v-terminale-sheremetevo/,0.929,115,3,0,0,0,3,0
https://longwang.ru/useful-articles/kupit-elektroniku-nesmotrya-na-sankczii/,"Как купить электронику в Китае в 2026: новые правила, маркировка, условия",Как купить электронику в Китае в 2026: новые правила и пути решения,Indexable,1750,0,0,0.0,0,https://longwang.ru/useful-articles/popular-products-china/,0.957,130,3,0,0,0,3,0
https://longwang.ru/useful-articles/popular-products-china/,Популярные товары из Китая: что лучше продавать в России - Long Wang,Популярные товары из Китая в 2026 году: что выгодно импортировать и продавать,Indexable,1234,0,0,0.0,0,https://longwang.ru/useful-articles/kupit-elektroniku-nesmotrya-na-sankczii/,0.957,130,3,0,0,0,3,0
https://longwang.ru/useful-articles/spring-festival-in-china/,Весенний фестиваль в Китае: когда фабрики не работают,Китайский Новый год: как праздник влияет на поставки из Китая,Indexable,691,0,0,0.0,0,https://longwang.ru/useful-articles/obrazczy-dokumentov-dlya-raboty-s-postavshhikami-iz-kitaya/,0.907,124,3,0,0,0,3,0
https://longwang.ru/useful-articles/top-oborudovanie-iz-kitaya/,"Оборудование из Китая в 2026: тренды рынка, виды и риски - Long Wang",Рынок оборудования из Китая в 2026: главные тренды и риски,Indexable,990,0,0,0.0,0,https://longwang.ru/useful-articles/popular-products-china/,0.947,138,3,0,0,0,3,0
https://longwang.ru/useful-articles/tovary-iz-kitaya-dlya-marketplejsov/,Что и как возить из Китая для Ozon и Wildberries. Гайд для селлеров маркетплейсов,"Товары из Китая для маркетплейсов: гайд для селлеров Ozon, Wildberries",Indexable,824,0,0,0.0,0,https://longwang.ru/projects/ozon-supply-china/,0.952,95,3,0,0,0,3,0
https://longwang.ru/supplies-services-china/parallelnyj-import-is-kitaya/brands/bitzer-compressors-parts/,Компрессоры Bitzer: поставка оригиналов оборудования и запчастей,Поставка компрессоров Bitzer и оригинальных запчастей,Indexable,899,0,0,0.0,0,https://longwang.ru/,0.813,2,3,1,0,0,3,1
https://longwang.ru/supplies-services-china/parallelnyj-import-is-kitaya/brands/caterpillar-spare-parts/,Поставки оригинальных деталей Caterpillar (CAT) – Long Wang,Поставка оригинальных деталей Caterpillar (CAT),Indexable,429,0,0,0.0,0,https://longwang.ru/novosti-is-kitaya/caterpillar-postavki-2022/,0.912,3,3,1,0,0,3,1
https://longwang.ru/supplies-services-china/parallelnyj-import-is-kitaya/brands/festo-equipment-supplies/,Поставка продукции Festo – Long Wang,Поставка продукции Festo,Indexable,432,0,0,0.0,0,https://longwang.ru/supplies-services-china/dostavka-is-kitaya/,0.875,69,3,1,0,0,2,1
https://longwang.ru/supplies-services-china/parallelnyj-import-is-kitaya/brands/hydac-equipment-buy/,Поставка фильтров и гидроаккумуляторов Hydac из Китая — Long Wang,"Фильтры, клапаны и гидроаккумуляторы Hydac со складов в Китае",Indexable,1163,0,0,0.0,0,https://longwang.ru/useful-articles/product-samples/,0.8,0,3,1,0,0,3,1
https://longwang.ru/supplies-services-china/parallelnyj-import-is-kitaya/brands/telco-product-supply/,"Поставка датчиков, разъемов и кабелей Telco из Китая","Оригинальные датчики, разъемы и кабели Telco из Китая",Indexable,988,0,0,0.0,0,https://longwang.ru/useful-articles/incorrect-labeling/,0.793,0,3,1,0,0,3,1
https://longwang.ru/supplies-services-china/autsorsing-ved/finansirovanie-importa-iz-kitaia/,Финансирование импорта и экспорта из Китая - Long Wang,Финансирование импорта и экспорта из Китая,Indexable,525,0,0,0.0,0,https://longwang.ru/supplies-services-china/autsorsing-ved/akkreditiv-po-dogovoru-postavki/,0.92,133,4,0,0,0,3,0
https://longwang.ru/supplies-services-china/autsorsing-ved/otkryt-kompaniyu-v-kitae/,Открыть компанию в Китае - Long Wang,Открыть компанию в Китае,Indexable,451,0,0,0.0,0,https://longwang.ru/projects/import-fittings-china/,0.937,134,4,0,0,0,4,0
https://longwang.ru/supplies-services-china/dostavka-is-kitaya/cargo/,Карго из Китая – быстрая доставка в Россию | Long Wang,Карго из Китая в Россию,Indexable,325,0,0,0.0,0,https://longwang.ru/supplies-services-china/autsorsing-ved/predstavitel-v-kitae/,0.871,113,4,0,0,0,3,0
https://longwang.ru/useful-articles/kak-kupit-oborudovanie-kitay/,Гайд о покупке оборудования в Китае: пошаговая инструкция 2026,Как купить оборудование из Китая: пошаговый гайд от А до Я,Indexable,1158,0,0,0.0,0,https://longwang.ru/useful-articles/purchase-of-construction-equipment/,0.915,144,4,0,0,0,4,0
https://longwang.ru/useful-articles/product-samples/,"Образцы товаров из Китая: как заказать, доставить и не переплатить","Образцы товаров из Китая: как заказать, доставить и подготовиться к серийной партии",Indexable,1458,0,0,0.0,0,https://longwang.ru/supplies-services-china/goods-check-china/,0.925,135,4,0,0,0,4,0
https://longwang.ru/supplies-services-china/parallelnyj-import-is-kitaya/brands/megger-product-supplies/,Megger: поставка измерительного оборудования из Китая - Long Wang,Оригинальное оборудование Megger из Китая,Indexable,1323,0,0,0.0,0,https://longwang.ru/supplies-services-china/parallelnyj-import-is-kitaya/brands/bitzer-compressors-parts/,0.783,0,4,1,0,0,3,1
https://longwang.ru/supplies-services-china/autsorsing-ved/akkreditiv-po-dogovoru-postavki/,Аккредитив по договору поставки - Long Wang,Аккредитив по договору поставки,Indexable,431,0,0,0.0,0,https://longwang.ru/supplies-services-china/autsorsing-ved/platezhi-v-kitai/,0.92,134,5,0,0,0,4,0
https://longwang.ru/supplies-services-china/equipment-from-china/thermo-equipment-china/chamber-furnaces-china/,Камерные печи из Китая — спекание керамики и термообработка,Камерные печи для спекания керамики и термообработки,Indexable,937,0,0,0.0,0,https://longwang.ru/supplies-services-china/equipment-from-china/thermo-equipment-china/muffle-furnaces-china/,0.911,40,5,0,0,0,4,0
https://longwang.ru/supplies-services-china/equipment-from-china/thermo-equipment-china/drying-cultivation-cabinets/,Комбинированные сушильные шкафы с режимом культивирования — сушка до 250°C и инкубация до 80°C,Комбинированные сушильные шкафы с режимом культивирования,Indexable,1134,0,0,0.0,0,https://longwang.ru/useful-articles/laboratory-thermo-equipment/,0.906,95,5,0,0,0,4,0
https://longwang.ru/supplies-services-china/equipment-from-china/thermo-equipment-china/vacuum-drying-chambers/,Вакуумные сушильные камеры из Китая — поставка - Long Wang,Вакуумные сушильные камеры из Китая,Indexable,886,0,0,0.0,0,https://longwang.ru/supplies-services-china/dostavka-is-kitaya/sea-shipping-china/,0.878,102,5,0,0,0,4,0
https://longwang.ru/supplies-services-china/equipment-from-china/thermo-equipment-china/vacuum-soldering-furnaces/,"Вакуумные печи для пайки металлов — до 1350°C, глубокий вакуум 7×10⁻³ Па",Вакуумные печи для высокотемпературной пайки металлов,Indexable,795,0,0,0.0,0,https://longwang.ru/supplies-services-china/equipment-from-china/thermo-equipment-china/tubular-compact-furnaces/,0.874,15,5,0,0,0,4,0
https://longwang.ru/useful-articles/cargo-dostavka-iz-kitaya-v-rossiyu/,"Каким стало карго из Китая в 2026: реальные сроки, цены и риски схемы","Карго из Китая в 2026 году: как работает схема, сроки и реальные риски",Indexable,1269,0,0,0.0,0,https://longwang.ru/useful-articles/popular-products-china/,0.949,128,5,0,0,0,5,0
https://longwang.ru/supplies-services-china/parallelnyj-import-is-kitaya/brands/atlas-copco-product-supplies/,Atlas Copco: поставка компрессоров и запчастей из Китая - Long Wang,Поставка продукции Atlas Copco,Indexable,1298,0,0,0.0,0,https://longwang.ru/useful-articles/atlas-copco-innovations/,0.925,2,5,1,0,0,4,1
https://longwang.ru/supplies-services-china/parallelnyj-import-is-kitaya/brands/duplomatic-products-supply/,"Duplomatic: поставка гидравлики, насосов и клапанов из Китая - Long Wang",Оригиналы Duplomatic от дистрибьютера в Китае,Indexable,1209,0,0,0.0,0,https://longwang.ru/supplies-services-china/dostavka-is-kitaya/aviadostavka-iz-kitaya/,0.774,0,5,1,0,0,4,1
https://longwang.ru/supplies-services-china/parallelnyj-import-is-kitaya/brands/endresshauser-supply-russia/,Endress+Hauser от дистрибьютера в Китае - Long Wang,Endress+Hauser от официального дистрибьютера в Китае,Indexable,689,0,0,87.0,4,https://longwang.ru/projects/podbor-i-proverka-postavschika-gruzovykh-avtomobiley/,0.797,0,5,1,0,0,5,1
https://longwang.ru/supplies-services-china/parallelnyj-import-is-kitaya/brands/flender-siemens-equipment/,"Поставка Flender (Siemens) - Муфты, редукторы, двигатели - Long Wang",Поставка продукции Flender (Siemens),Indexable,1353,0,0,0.0,0,https://longwang.ru/supplies-services-china/parallelnyj-import-is-kitaya/brands/allen-bradley-product-supplies/,0.781,0,5,1,0,0,4,1
https://longwang.ru/supplies-services-china/parallelnyj-import-is-kitaya/brands/lenze-supply-russia/,Оригиналы Lenze от дистрибьютера в Китае - Long Wang,Оригиналы Lenze Gruppe от официального дистрибьютера в Китае,Indexable,702,0,0,87.0,4,https://longwang.ru/supplies-services-china/dostavka-is-kitaya/,0.827,23,5,1,0,0,4,1
https://longwang.ru/supplies-services-china/equipment-from-china/thermo-equipment-china/water-baths-thermostats/,Водяные бани из Китая — водяные термостаты для лабораторий,Водяные бани из Китая,Indexable,864,0,0,0.0,0,https://longwang.ru/supplies-services-china/equipment-from-china/thermo-equipment-china/,0.845,10,6,0,0,0,5,0
https://longwang.ru/useful-articles/purchase-of-construction-equipment/,"Как приобретать строительное оборудование в Китае: найти, проверить, доставить",Как организовать закупку строительного оборудования в Китае в 2026: пошаговый гайд,Indexable,1693,0,0,0.0,0,https://longwang.ru/useful-articles/popular-products-china/,0.948,151,6,0,0,0,6,0
https://longwang.ru/supplies-services-china/equipment-from-china/thermo-equipment-china/muffle-furnaces-china/,Муфельные печи из керамического волокна — поставка из Китая,Муфельные печи из керамического волокна для лабораторий и производств,Indexable,1044,0,0,0.0,0,https://longwang.ru/supplies-services-china/equipment-from-china/thermo-equipment-china/chamber-furnaces-china/,0.911,28,7,0,0,0,5,0
https://longwang.ru/supplies-services-china/equipment-from-china/thermo-equipment-china/specialized-industrial-furnaces/,Специализированные промышленные печи из Китая — до 1800°C,Специализированные промышленные печи из Китая,Indexable,909,0,0,0.0,0,https://longwang.ru/supplies-services-china/equipment-from-china/thermo-equipment-china/tubular-compact-furnaces/,0.878,13,7,0,0,0,6,0
https://longwang.ru/supplies-services-china/equipment-from-china/thermo-equipment-china/tubular-compact-furnaces/,Поставки трубчатых и компактных камерных печей из Китая,Трубчатые и компактные камерные печи,Indexable,981,0,0,0.0,0,https://longwang.ru/supplies-services-china/equipment-from-china/thermo-equipment-china/chamber-furnaces-china/,0.904,58,7,0,0,0,5,0
https://longwang.ru/supplies-services-china/equipment-from-china/thermo-equipment-china/tubular-furnaces-china/,"Многозонные трубчатые печи из Китая — CVD, нанотрубки, 1200–1600°C",Многозонные трубчатые печи для CVD и нанотехнологий,Indexable,901,0,0,0.0,0,https://longwang.ru/supplies-services-china/equipment-from-china/thermo-equipment-china/,0.88,13,7,0,0,0,7,0
https://longwang.ru/useful-articles/aviadostavka-gruzov-iz-kitaya/,Авиадоставка грузов из Китая в Россию в 2026 году: полное руководство от экспертов - Long Wang,Авиадоставка грузов из Китая в Россию в 2026 году: полное руководство от экспертов,Indexable,903,0,0,0.0,0,https://longwang.ru/useful-articles/cargo-dostavka-iz-kitaya-v-rossiyu/,0.928,137,7,0,0,0,4,0
https://longwang.ru/supplies-services-china/parallelnyj-import-is-kitaya/brands/smc-product-supplies/,Оригинальное оборудование SMC – Long Wang,Оригиналы SMC от официального дистрибьютера в Китае,Indexable,740,0,0,0.0,0,https://longwang.ru/projects/effektivnye-peregovory-i-poisk-postavshhika-promyshlennogo-oborudovaniya-v-kitae/,0.889,11,7,1,0,0,4,1
https://longwang.ru/supplies-services-china/equipment-from-china/thermo-equipment-china/drying-cabinets-china/,Сушильные шкафы из Китая — принудительная и естественная конвекция,Сушильные шкафы из Китая,Indexable,919,0,0,0.0,0,https://longwang.ru/supplies-services-china/equipment-from-china/thermo-equipment-china/drying-cultivation-cabinets/,0.866,8,8,0,0,0,5,0
https://longwang.ru/supplies-services-china/dostavka-is-kitaya/sea-shipping-china/,Морские перевозки грузов из Китая – Компания Long Wang,Морские перевозки из Китая,Indexable,763,0,0,0.0,0,https://longwang.ru/supplies-services-china/dostavka-is-kitaya/freight-road-transportation/,0.921,118,10,0,0,0,9,0
https://longwang.ru/projects/effektivnye-peregovory-i-poisk-postavshhika-promyshlennogo-oborudovaniya-v-kitae/,Внедрение аналогов SMC в газовое производство - Long Wang,Внедрение аналогов SMC в газовое производство,Indexable,295,0,0,0.0,0,https://longwang.ru/supplies-services-china/parallelnyj-import-is-kitaya/brands/smc-product-supplies/,0.889,92,11,0,0,0,11,0
https://longwang.ru/projects/kompressornoe-oborudovanie-v-kratchajshie-sroki/,Поставка оборудования CAT от официального дистрибьютера,Покупка и доставка оригинальных запчастей Caterpillar,Indexable,214,0,0,0.0,0,https://longwang.ru/supplies-services-china/parallelnyj-import-is-kitaya/brands/caterpillar-spare-parts/,0.893,42,11,0,0,0,11,0
https://longwang.ru/projects/oborudovanie-v-lizing-po-lgotnoj-stavke/,Поставка подшипников и шпинделей из Китая,Поставка оборудования для прецизионного станкостроения.,Indexable,383,0,0,0.0,0,https://longwang.ru/useful-articles/worlds-brend-equipment/,0.934,128,11,0,0,0,11,0
https://longwang.ru/projects/steel-pipes-oil-mashinery/,Опыт поставки труб 30ХГСА из Китая для гидроцилиндров,Поставка прецизионных труб из стали 30ХГСА для производства гидроцилиндров в нефтяной промышленности,Indexable,617,0,0,0.0,0,https://longwang.ru/useful-articles/kak-poluchit-gruz-v-terminale-pulkovo/,0.886,114,11,0,0,0,11,0
https://longwang.ru/projects/tranzitnyj-eksport-dlya-slozhnyh-setevyh-i-servernyh-reshenij/,Поиск и поставка промышленных редукторов Brevini,Поиск и закупка промышленных редукторов,Indexable,245,0,0,0.0,0,https://longwang.ru/projects/effektivnye-peregovory-i-poisk-postavshhika-promyshlennogo-oborudovaniya-v-kitae/,0.882,136,11,0,0,0,11,0
https://longwang.ru/supplies-services-china/dostavka-is-kitaya/freight-road-transportation/,Автомобильные грузоперевозки из Китая - Long Wang,Автомобильные грузоперевозки из Китая,Indexable,811,0,0,0.0,0,https://longwang.ru/supplies-services-china/dostavka-is-kitaya/sea-shipping-china/,0.921,130,11,0,0,0,10,0
https://longwang.ru/supplies-services-china/dostavka-is-kitaya/jeleznodorojnaya-dostavka-iz-kitaya/,Железнодорожные грузоперевозки - Long Wang,Железнодорожные грузоперевозки,Indexable,411,0,0,0.0,0,https://longwang.ru/useful-articles/kak-dostavit-gruz-iz-kitaya/,0.896,103,11,0,0,0,10,0
https://longwang.ru/projects/import-fittings-china/,Кейс как организовать импорт крепежа и метизов из Китая,Импорт крепежа для производства из Китая,Indexable,492,0,0,0.0,0,https://longwang.ru/supplies-services-china/autsorsing-ved/otkryt-kompaniyu-v-kitae/,0.937,122,12,0,0,0,12,0
https://longwang.ru/supplies-services-china/autsorsing-ved/konsolidacziya-eksporta/,Консолидация экспорта - Long Wang,Консолидация экспорта,Indexable,571,0,0,0.0,0,https://longwang.ru/supplies-services-china/autsorsing-ved/predstavitel-v-kitae/,0.956,96,12,0,0,0,12,0
https://longwang.ru/supplies-services-china/autsorsing-ved/platezhi-v-kitai/,Платежи в Китай — оплата поставщику и сопровождение - Long Wang,Платежи в Китай,Indexable,865,0,0,0.0,0,https://longwang.ru/supplies-services-china/parallelnyj-import-is-kitaya/brands/,0.937,127,12,0,0,0,11,0
https://longwang.ru/supplies-services-china/autsorsing-ved/ved-s-kitaem/,ВЭД с Китаем — работа с КНР для бизнеса - Long Wang,ВЭД с Китаем,Indexable,1161,0,0,0.0,0,https://longwang.ru/useful-articles/incorrect-import-calculation/,0.928,133,12,0,0,199,10,0
https://longwang.ru/supplies-services-china/dostavka-is-kitaya/aviadostavka-iz-kitaya/,Авиадоставка из Китая – Long Wang,Авиа доставка из Китая,Indexable,526,0,0,0.0,0,https://longwang.ru/supplies-services-china/dostavka-is-kitaya/,0.94,152,12,0,0,0,11,0
https://longwang.ru/supplies-services-china/poisk-tovara-v-kitae/,Поиск товара в Китае — подбор продукта под бизнес и бюджет - Long Wang,Поиск товара в Китае,Indexable,862,0,0,0.0,0,https://longwang.ru/supplies-services-china/poisk-i-podbor-postavshika/,0.919,127,12,0,0,0,11,0
https://longwang.ru/projects/ozon-supply-china/,Кейс: сборная поставка игрушек из Китая для Wildberries и Ozon,Сборная поставка из Китая для Wildberries и Ozon: как объединить 7 поставщиков за месяц,Indexable,663,0,0,0.0,0,https://longwang.ru/useful-articles/tovary-iz-kitaya-dlya-marketplejsov/,0.952,75,13,0,0,0,12,0
https://longwang.ru/projects/podbor-i-proverka-postavschika-gruzovykh-avtomobiley/,Поиск и проверка поставщика грузовых автомобилей SITRAK - Long Wang,Поиск и проверка поставщика грузовых автомобилей,Indexable,361,0,0,0.0,0,https://longwang.ru/supplies-services-china/goods-check-china/,0.911,146,13,0,0,0,13,0
https://longwang.ru/projects/sbornye-postavki-dlya-melkogo-opta/,Кейс: сборная доставка из Китая для Wildberries — как снизить себестоимость на 35%,Кейс: переход на сборные поставки из Китая для Wildberries и Ozon,Indexable,764,0,0,0.0,0,https://longwang.ru/supplies-services-china/tovary-optom-dlia-marketpleisa/,0.946,129,13,0,0,0,12,0
https://longwang.ru/projects/,Проекты - Long Wang,Проекты,Indexable,77,0,0,0.0,0,https://longwang.ru/projects/ozon-supply-china/,0.898,19,14,0,9,0,13,0
https://longwang.ru/supplies-services-china/autsorsing-ved/predstavitel-v-kitae/,Представитель в Китае - Long Wang,Представитель в Китае,Indexable,365,0,0,0.0,0,https://longwang.ru/supplies-services-china/autsorsing-ved/konsolidacziya-eksporta/,0.956,136,18,0,0,0,18,0
https://longwang.ru/international/,Внешняя экономика Китая - Long Wang,Внешняя экономика Китая,Indexable,679,0,0,0.0,0,https://longwang.ru/international/keetay-nasheemee-partnyeramee/,0.966,102,19,0,9,0,19,0
https://longwang.ru/novosti-is-kitaya/,Актуальные новости из Китая - Long Wang,Актуальные новости из Китая,Indexable,776,0,0,0.0,0,https://longwang.ru/posledniye-novosti-iz-kitaya/,0.98,47,19,0,15,0,19,0
https://longwang.ru/supplies-services-china/parallelnyj-import-is-kitaya/,Параллельный импорт из Китая - Поставка санкционных товаров,Параллельный импорт из Китая,Indexable,496,0,0,0.0,0,https://longwang.ru/,0.944,140,19,0,39,0,14,0
https://longwang.ru/supplies-services-china/parallelnyj-import-is-kitaya/brands/,Продукция мировых брендов из Китая - Long Wang,Продукция мировых брендов из Китая,Indexable,944,0,0,0.0,0,https://longwang.ru/supplies-services-china/goods-check-china/,0.94,133,19,0,38,0,15,0
https://longwang.ru/useful-articles/,Полезные статьи для работы с Китаем - Long Wang,Полезные статьи для работы с Китаем,Indexable,782,0,0,0.0,0,https://longwang.ru/useful-articles/industrial-thermo-guide/,0.928,143,19,0,74,0,19,0
https://longwang.ru/supplies-services-china/equipment-from-china/thermo-equipment-china/,"Термическое и сушильное оборудование из Китая — печи, сушильные шкафы, инкубаторы",Термическое и сушильное оборудование из Китая,Indexable,938,0,0,0.0,0,https://longwang.ru/useful-articles/laboratory-thermo-equipment/,0.938,115,29,1,10,0,20,1
https://longwang.ru/supplies-services-china/,Услуги по Китаю — карта направлений для бизнеса - Long Wang,Услуги по Китаю,Indexable,992,0,0,0.0,0,https://longwang.ru/useful-articles/poleznye-sovety-dlya-uspeshnoj-dostavki-iz-kitaya/,0.941,132,31,0,72,0,27,0
https://longwang.ru/supplies-services-china/dostavka-is-kitaya/tamojennoe-oformlenie-china/,Таможенное оформление из Китая: растаможка под ключ,Таможенное оформление грузов из Китая,Indexable,914,0,0,0.0,0,https://longwang.ru/useful-articles/cheeper-shipping-china/,0.933,126,31,0,0,0,30,0
https://longwang.ru/supplies-services-china/goods-check-china/,Проверка товара в Китае — инспекция и контроль качества,Проверка товара в Китае,Indexable,815,0,0,0.0,0,https://longwang.ru/useful-articles/kak-vernut-tovar-v-kitay/,0.945,147,33,0,0,0,30,0
https://longwang.ru/supplies-services-china/tovary-optom-dlia-marketpleisa/,Товары для маркетплейсов из Китая для селлеров - Long Wang,Оптом из Китая для селлеров маркетплейсов,Indexable,864,0,0,0.0,0,https://longwang.ru/projects/sbornye-postavki-dlya-melkogo-opta/,0.946,127,37,0,0,199,29,0
https://longwang.ru/supplies-services-china/equipment-from-china/,Оборудование из Китая — поставка оборудования для бизнеса,Оборудование из Китая для бизнеса,Indexable,1416,0,0,0.0,0,https://longwang.ru/useful-articles/purchases-without-intermediaries/,0.936,139,41,0,11,0,33,0
https://longwang.ru/supplies-services-china/poisk-i-podbor-postavshika/,Поиск поставщика в Китае — подбор под задачу бизнеса | Long Wang,Поиск поставщика и производителя в Китае,Indexable,1182,0,0,0.0,0,https://longwang.ru/supplies-services-china/goods-check-china/,0.92,127,42,0,0,199,35,0
https://longwang.ru/supplies-services-china/autsorsing-ved/,Аутсорсинг ВЭД — сопровождение внешнеэкономической деятельности - Long Wang,Аутсорсинг ВЭД для бизнеса,Indexable,728,0,0,0.0,0,https://longwang.ru/supplies-services-china/autsorsing-ved/ved-s-kitaem/,0.918,140,45,0,7,0,38,0
https://longwang.ru/supplies-services-china/proverka-postavshhika-v-kitae/,Проверка поставщика в Китае - Long Wang,Проверка поставщика в Китае,Indexable,1494,0,0,0.0,0,https://longwang.ru/supplies-services-china/goods-check-china/,0.942,136,53,0,0,199,43,0
https://longwang.ru/supplies-services-china/dostavka-is-kitaya/,Доставка из Китая в Россию - Без посредников и скрытых комиссий,Доставка из Китая в Россию,Indexable,670,0,0,0.0,0,https://longwang.ru/supplies-services-china/dostavka-is-kitaya/aviadostavka-iz-kitaya/,0.94,140,65,1,6,199,56,1
