Целевая URL,Title,H1,Content Inlinks,Card Inlinks,Unique Content Donors,Unique Card Donors,Near Duplicates,Semantically Similar Pages,Opportunities,Best Donor 1,Best Donor 2,Best Donor 3,Redirect/Canonical Link Fixes,Priority Score
https://longwang.ru/posledniye-novosti-iz-kitaya/,Последние новости из Китая - Long Wang,новости из китая,0,0,0,0,0,63,8,https://longwang.ru/novosti-is-kitaya/,https://longwang.ru/novosti-is-kitaya/kitajskie-akczii-v-rossii/,https://longwang.ru/novosti-is-kitaya/itogi-rasprodazhi-11-11/,0,22
https://longwang.ru/supplies-services-china/parallelnyj-import-is-kitaya/brands/abb-product-supplies/,Продукция ABB от дистрибьютера в Китае - Прямые поставки - Long Wang,Оригиналы ABB от официального дистрибьютера в Китае,1,1,1,1,4,32,8,https://longwang.ru/supplies-services-china/dostavka-is-kitaya/aviadostavka-iz-kitaya/,https://longwang.ru/novosti-is-kitaya/page/2/,https://longwang.ru/useful-articles/,0,20
https://longwang.ru/supplies-services-china/parallelnyj-import-is-kitaya/brands/airtac-supple-china/,Продукция бренда AiRTAC – Long Wang,Продукция бренда AiRTAC,1,1,1,1,0,38,8,https://longwang.ru/projects/podbor-i-proverka-postavschika-gruzovykh-avtomobiley/,https://longwang.ru/supplies-services-china/dostavka-is-kitaya/aviadostavka-iz-kitaya/,https://longwang.ru/supplies-services-china/parallelnyj-import-is-kitaya/brands/smc-product-supplies/,0,20
https://longwang.ru/supplies-services-china/parallelnyj-import-is-kitaya/brands/allen-bradley-product-supplies/,Поставка продукции бренда Allen-Bradley – Long Wang,Поставка продукции Allen-Bradley,1,1,1,1,0,38,8,https://longwang.ru/supplies-services-china/dostavka-is-kitaya/aviadostavka-iz-kitaya/,https://longwang.ru/supplies-services-china/parallelnyj-import-is-kitaya/brands/autonics-product-supplies/,https://longwang.ru/supplies-services-china/dostavka-is-kitaya/freight-road-transportation/,0,20
https://longwang.ru/supplies-services-china/parallelnyj-import-is-kitaya/brands/autonics-product-supplies/,Поставки Autonics напрямую от дистрибьютера,Поставки оригинальной продукции Autonics,1,1,1,1,0,122,8,https://longwang.ru/supplies-services-china/dostavka-is-kitaya/aviadostavka-iz-kitaya/,https://longwang.ru/supplies-services-china/parallelnyj-import-is-kitaya/brands/festo-equipment-supplies/,https://longwang.ru/supplies-services-china/parallelnyj-import-is-kitaya/brands/volvo-penta-product-supplies/,0,20
https://longwang.ru/supplies-services-china/parallelnyj-import-is-kitaya/brands/baluff-sensors/,Продукция Baluff от дистрибьютера в Китае - Прямые поставки - Long Wang,Baluff от официального дилера в Китае,1,1,1,1,0,9,8,https://longwang.ru/novosti-is-kitaya/portah-dalnego-vostoka/,https://longwang.ru/useful-articles/page/5/,https://longwang.ru/useful-articles/tamozhennaya-sertifikacziya/,0,20
https://longwang.ru/supplies-services-china/parallelnyj-import-is-kitaya/brands/cummins-product-supplies/,Поставка продукции бренда Cummins – Long Wang,Поставка продукции Cummins,1,1,1,1,0,103,8,https://longwang.ru/supplies-services-china/dostavka-is-kitaya/aviadostavka-iz-kitaya/,https://longwang.ru/supplies-services-china/parallelnyj-import-is-kitaya/brands/omron-product-supplies/,https://longwang.ru/projects/tranzitnyj-eksport-dlya-slozhnyh-setevyh-i-servernyh-reshenij/,0,20
https://longwang.ru/supplies-services-china/parallelnyj-import-is-kitaya/brands/curtis-instruments-product-supplies/,Поставка продукции бренда Curtis Instruments – Long Wang,Поставка продукции Curtis Instruments,1,1,1,1,0,0,8,https://longwang.ru/supplies-services-china/parallelnyj-import-is-kitaya/brands/allen-bradley-product-supplies/,https://longwang.ru/supplies-services-china/dostavka-is-kitaya/freight-road-transportation/,https://longwang.ru/supplies-services-china/parallelnyj-import-is-kitaya/brands/festo-equipment-supplies/,0,20
https://longwang.ru/supplies-services-china/parallelnyj-import-is-kitaya/brands/eaton-supply-china/,Оригиналы Eaton от дистрибьютера в Китае - Long Wang,Оригиналы Eaton от официального дистрибьютера в Китае,1,1,1,1,3,63,8,https://longwang.ru/supplies-services-china/dostavka-is-kitaya/aviadostavka-iz-kitaya/,https://longwang.ru/,https://longwang.ru/supplies-services-china/autsorsing-ved/,0,20
https://longwang.ru/supplies-services-china/parallelnyj-import-is-kitaya/brands/general-electric-product-supplies/,Поставка продукции General Electric – Long Wang,Поставка продукции General Electric,1,1,1,1,0,31,8,https://longwang.ru/supplies-services-china/parallelnyj-import-is-kitaya/brands/sany-product-supplies/,https://longwang.ru/supplies-services-china/dostavka-is-kitaya/aviadostavka-iz-kitaya/,https://longwang.ru/supplies-services-china/parallelnyj-import-is-kitaya/brands/allen-bradley-product-supplies/,0,20
https://longwang.ru/supplies-services-china/parallelnyj-import-is-kitaya/brands/honeywell-supply/,Оригиналы Honeywell от дистрибьютера в Китае - Long Wang,Оригиналы Honeywell от официального дистрибьютера в Китае,1,1,1,1,0,1,8,https://longwang.ru/supplies-services-china/dostavka-is-kitaya/aviadostavka-iz-kitaya/,https://longwang.ru/supplies-services-china/parallelnyj-import-is-kitaya/brands/eaton-supply-china/,https://longwang.ru/,0,20
https://longwang.ru/supplies-services-china/parallelnyj-import-is-kitaya/brands/kubler-equipment/,"Поставка оригинального оборудования, энкодеров Kubler- Long Wang",Поставка продукции Kubler,1,1,1,1,0,0,8,https://longwang.ru/supplies-services-china/dostavka-is-kitaya/aviadostavka-iz-kitaya/,https://longwang.ru/supplies-services-china/parallelnyj-import-is-kitaya/brands/omron-product-supplies/,https://longwang.ru/supplies-services-china/dostavka-is-kitaya/freight-road-transportation/,0,20
https://longwang.ru/supplies-services-china/parallelnyj-import-is-kitaya/brands/omron-product-supplies/,Поставка продукции бренда Omron – Long Wang,Поставка продукции Omron,1,1,1,1,0,111,8,https://longwang.ru/supplies-services-china/dostavka-is-kitaya/aviadostavka-iz-kitaya/,https://longwang.ru/useful-articles/page/5/,https://longwang.ru/supplies-services-china/dostavka-is-kitaya/,0,20
https://longwang.ru/supplies-services-china/parallelnyj-import-is-kitaya/brands/pilz-equipment/,"Поставка оригинального оборудования, реле Pilz- Long Wang",Поставка продукции PILZ,1,1,1,1,0,11,8,https://longwang.ru/supplies-services-china/dostavka-is-kitaya/aviadostavka-iz-kitaya/,https://longwang.ru/,https://longwang.ru/supplies-services-china/parallelnyj-import-is-kitaya/brands/eaton-supply-china/,0,20
https://longwang.ru/supplies-services-china/parallelnyj-import-is-kitaya/brands/sany-product-supplies/,Поставка продукции бренда SANY – Long Wang,Поставка продукции Sany,1,1,1,1,0,110,8,https://longwang.ru/supplies-services-china/dostavka-is-kitaya/aviadostavka-iz-kitaya/,https://longwang.ru/supplies-services-china/parallelnyj-import-is-kitaya/brands/xinyak-product-supplies/,https://longwang.ru/supplies-services-china/autsorsing-ved/ved-s-kitaem/,0,20
https://longwang.ru/supplies-services-china/parallelnyj-import-is-kitaya/brands/supply-ifm-electronic/,Поставка оригинального оборудования IFM Electronic- Long Wang,Поставка продукции IFM Electronic,1,1,1,1,0,12,8,https://longwang.ru/international/proizvodstvo-plastmassovyh-izdelij-v-kitae/,https://longwang.ru/novosti-is-kitaya/portah-dalnego-vostoka/,https://longwang.ru/novosti-is-kitaya/kitajskie-drony-mirovoj-trend/,0,20
https://longwang.ru/supplies-services-china/parallelnyj-import-is-kitaya/brands/turck-product-supplies/,Поставка оборудования Turck для автоматизации - Long Wang,Поставка продукции Turck,1,1,1,1,0,4,8,https://longwang.ru/supplies-services-china/goods-check-china/,https://longwang.ru/projects/podbor-i-proverka-postavschika-gruzovykh-avtomobiley/,https://longwang.ru/useful-articles/tamozhennaya-sertifikacziya/,0,20
https://longwang.ru/supplies-services-china/parallelnyj-import-is-kitaya/brands/volvo-penta-product-supplies/,Поставка продукции бренда VOLVO PENTA – Long Wang,Поставка продукции Volvo Penta,1,1,1,1,0,68,8,https://longwang.ru/supplies-services-china/parallelnyj-import-is-kitaya/brands/autonics-product-supplies/,https://longwang.ru/supplies-services-china/dostavka-is-kitaya/aviadostavka-iz-kitaya/,https://longwang.ru/supplies-services-china/parallelnyj-import-is-kitaya/brands/sany-product-supplies/,0,20
https://longwang.ru/supplies-services-china/parallelnyj-import-is-kitaya/brands/wilo-product-supplies/,Поставки Wilo напрямую от дистрибьютера,Поставки оригинальной продукции Wilo,1,1,1,1,0,93,8,https://longwang.ru/supplies-services-china/parallelnyj-import-is-kitaya/brands/festo-equipment-supplies/,https://longwang.ru/supplies-services-china/dostavka-is-kitaya/aviadostavka-iz-kitaya/,https://longwang.ru/supplies-services-china/parallelnyj-import-is-kitaya/brands/autonics-product-supplies/,0,20
https://longwang.ru/supplies-services-china/parallelnyj-import-is-kitaya/brands/xinyak-product-supplies/,Поставки оборудования Xinyak напрямую от дистрибьютера,Поставки оригинальной продукции Xinyak,1,1,1,1,0,101,8,https://longwang.ru/supplies-services-china/parallelnyj-import-is-kitaya/brands/sany-product-supplies/,https://longwang.ru/novosti-is-kitaya/page/2/,https://longwang.ru/useful-articles/proslezhivaemost-chestnyj-znak/,0,20
https://longwang.ru/international/import-v-kitaj/,"Импорт и экспорт Китая в отношении России вырос на 31,4% - Long Wang","Импорт и экспорт Китая в отношении России вырос на 31,4%",2,0,2,0,0,89,8,https://longwang.ru/useful-articles/rasschitat-dostavku-iz-kitaya/,https://longwang.ru/,https://longwang.ru/posledniye-novosti-iz-kitaya/page/8/,0,20
https://longwang.ru/international/keetay-nasheemee-partnyeramee/,Россия и Китай: рост торговли сельхозпродукцией в 2025–2026,Россия и Китай: как растёт торговля сельхозпродукцией,2,0,2,0,0,117,8,https://longwang.ru/posledniye-novosti-iz-kitaya/page/4/,https://longwang.ru/novosti-is-kitaya/spad-proizvodstva-kitaya/,https://longwang.ru/novosti-is-kitaya/rost-czen-na-postavki-tovarov-iz-kitaya-v-rossiyu/,0,20
https://longwang.ru/international/kitajskaya-kosmeticheskaya-industriya/,Косметика из Китая. Индустрия косметики в Китае - Long Wang,Косметика из Китая. Индустрия косметики в Китае,2,0,2,0,0,111,8,https://longwang.ru/international/proizvodstvo-plastmassovyh-izdelij-v-kitae/,https://longwang.ru/useful-articles/parallelnyj-import-segodnya/,https://longwang.ru/useful-articles/zashhita-informaczii-ved/,0,20
https://longwang.ru/international/novyj-hab-dlya-tovarov-iz-kitaya/,Новый хаб для товаров из Китая - Long Wang,Новый хаб для товаров из Китая,2,0,2,0,0,141,8,https://longwang.ru/supplies-services-china/goods-check-china/,https://longwang.ru/supplies-services-china/equipment-from-china/,https://longwang.ru/supplies-services-china/dostavka-is-kitaya/aviadostavka-iz-kitaya/,0,20
https://longwang.ru/international/proizvodstvo-plastmassovyh-izdelij-v-kitae/,Производство пластмассовых изделий в Китае - Long Wang,Производство пластмассовых изделий в Китае,2,0,2,0,0,144,8,https://longwang.ru/international/volna-kitayskogo-eksporta/,https://longwang.ru/international/kitajskaya-kosmeticheskaya-industriya/,https://longwang.ru/useful-articles/page/5/,0,20
https://longwang.ru/international/tovarooborot-rossii-i-kitaya-stavit-rekordy/,Товарооборот России и Китая: как рекорды 2025–2026 меняют правила импорта,Рекорды товарооборота России и Китая: что это значит для бизнеса,2,0,2,0,0,61,8,https://longwang.ru/novosti-is-kitaya/rost-czen-na-postavki-tovarov-iz-kitaya-v-rossiyu/,https://longwang.ru/useful-articles/biznes-s-kitaem-s-nulya-chto-nuzhno-znat-nachinayushhemu-predprinimatelyu/,https://longwang.ru/novosti-is-kitaya/itogi-rasprodazhi-11-11/,0,20
https://longwang.ru/international/volna-kitayskogo-eksporta/,Новая волна китайского экспорта 2026: что меняется для российского бизнеса,Новая волна китайского экспорта: возможности и риски для российского импорта,2,0,2,0,0,146,8,https://longwang.ru/useful-articles/parallelnyj-import-segodnya/,https://longwang.ru/novosti-is-kitaya/spad-proizvodstva-kitaya/,https://longwang.ru/useful-articles/biznes-s-kitaem-s-nulya-chto-nuzhno-znat-nachinayushhemu-predprinimatelyu/,0,20
https://longwang.ru/novosti-is-kitaya/caterpillar-postavki-2022/,CATERPILLAR: поставки запчастей после санкций - Long Wang,CATERPILLAR: поставки запчастей после санкций,2,0,2,0,0,3,8,https://longwang.ru/supplies-services-china/parallelnyj-import-is-kitaya/brands/caterpillar-spare-parts/,https://longwang.ru/projects/kompressornoe-oborudovanie-v-kratchajshie-sroki/,https://longwang.ru/projects/,0,20
https://longwang.ru/novosti-is-kitaya/https-longwang-ru-alibaba/,Новый сервис от Alibaba - Long Wang,Новый сервис от Alibaba,2,0,2,0,0,13,8,https://longwang.ru/useful-articles/wholesale-goods-alibaba/,https://longwang.ru/useful-articles/find-chinese-supplier/,https://longwang.ru/useful-articles/torgovye-ploshadki-kitaya/,0,20
https://longwang.ru/novosti-is-kitaya/itogi-rasprodazhi-11-11/,"Топ товаров на распродаже 11.11 в Китае 2024–2026: цифры, тренды и выводы для бизнеса",Итоги распродаж 11.11 2024–2026 В Китае: что покупают китайцы и как это пригодится бизнесу в РФ,2,0,2,0,0,99,8,https://longwang.ru/posledniye-novosti-iz-kitaya/,https://longwang.ru/useful-articles/biznes-s-kitaem-s-nulya-chto-nuzhno-znat-nachinayushhemu-predprinimatelyu/,https://longwang.ru/novosti-is-kitaya/spad-proizvodstva-kitaya/,0,20
https://longwang.ru/novosti-is-kitaya/keetayiskeeye-bankomati/,Сбербанк переходит на китайские банкоматы и ПО,«СБЕРБАНК» переходит на китайские банкоматы,2,0,2,0,0,81,8,https://longwang.ru/useful-articles/worlds-brend-equipment/,https://longwang.ru/useful-articles/parallelnyj-import-segodnya/,https://longwang.ru/useful-articles/belaya-dostavka-iz-kitaya/,0,20
https://longwang.ru/novosti-is-kitaya/kitajskie-akczii-v-rossii/,Китайские акции в России: рост 10% за день и перспективы 2026,Китайские акции в России: рекордный рост и новые возможности для бизнеса,2,0,2,0,0,60,8,https://longwang.ru/useful-articles/find-chinese-supplier/,https://longwang.ru/novosti-is-kitaya/itogi-rasprodazhi-11-11/,https://longwang.ru/useful-articles/torgovye-ploshadki-kitaya/,0,20
https://longwang.ru/novosti-is-kitaya/obmyenniyi-kurs-yuanya-upal/,Обмен юаня: курс упал ниже 7 по отношению к доллару - Long Wang,Обмен юаня: курс упал ниже 7 по отношению к доллару,2,0,2,0,0,102,8,https://longwang.ru/useful-articles/obrazczy-dokumentov-dlya-raboty-s-postavshhikami-iz-kitaya/,https://longwang.ru/useful-articles/chtoby-ozhidanie-sovpadalo-s-realnostyu-7-prakticheskih-rekomendaczii-dlya-vedeniya-biznesa-s-kitaem-s-nulya/,https://longwang.ru/processing-personal-data/,0,20
https://longwang.ru/novosti-is-kitaya/portah-dalnego-vostoka/,Порты ДФО: Улучшение ситуации - обзор на октябрь 2022 - Long Wang,Порты ДФО: Улучшение ситуации — обзор на октябрь 2022,2,0,2,0,0,144,8,https://longwang.ru/useful-articles/page/5/,https://longwang.ru/posledniye-novosti-iz-kitaya/page/10/,https://longwang.ru/posledniye-novosti-iz-kitaya/page/2/,0,20
https://longwang.ru/novosti-is-kitaya/prekrascheniye-raboty-kitayskogo-banka-s-rossiyey/,Зависшие товары и рост цен – последствия прекращения работы китайского банка с РФ - Long Wang,Зависшие товары и рост цен – последствия прекращения работы китайского банка с РФ,2,0,2,0,0,128,8,https://longwang.ru/novosti-is-kitaya/page/2/,https://longwang.ru/useful-articles/worlds-brend-equipment/,https://longwang.ru/supplies-services-china/autsorsing-ved/akkreditiv-po-dogovoru-postavki/,0,20
https://longwang.ru/novosti-is-kitaya/rost-czen-na-postavki-tovarov-iz-kitaya-v-rossiyu/,Рост цен на поставки из Китая в 2025-2026: причины и как заменить карго,Рост цен на поставки из Китая в Россию: причины 2025-2026 и как адаптироваться бизнесу,2,0,2,0,0,107,8,https://longwang.ru/useful-articles/biznes-s-kitaem-s-nulya-chto-nuzhno-znat-nachinayushhemu-predprinimatelyu/,https://longwang.ru/international/,https://longwang.ru/international/keetay-nasheemee-partnyeramee/,0,20
https://longwang.ru/novosti-is-kitaya/spad-proizvodstva-kitaya/,"Производство в Китае 2026: где спад, а где рост для импортера",Производство в Китае 2025-2026: от спада к новому технологическому рывку,2,0,2,0,0,124,8,https://longwang.ru/international/,https://longwang.ru/international/keetay-nasheemee-partnyeramee/,https://longwang.ru/international/volna-kitayskogo-eksporta/,0,20
https://longwang.ru/novosti-is-kitaya/spros-na-kitajskie-brendy-televizorov/,Китайские бренды телевизоров: почему спрос вырос на 95% в 2026,Китайские телевизоры вытесняют конкурентов: что нужно знать бизнесу,2,0,2,0,0,34,8,https://longwang.ru/novosti-is-kitaya/itogi-rasprodazhi-11-11/,https://longwang.ru/useful-articles/purchase-of-construction-equipment/,https://longwang.ru/useful-articles/kupit-elektroniku-nesmotrya-na-sankczii/,0,20
https://longwang.ru/novosti-is-kitaya/xiaomi-vvoz-noutbukov-v-rossiyu/,Xiaomi может начать официальный ввоз ноутбуков в Россию - Long Wang,Xiaomi может начать официальный ввоз ноутбуков в Россию,2,0,2,0,0,22,8,https://longwang.ru/useful-articles/analogi-mirovyh-brendov-v-kitae/,https://longwang.ru/novosti-is-kitaya/kitajskaya-industriya-igrushek/,https://longwang.ru/novosti-is-kitaya/kitajskie-akczii-v-rossii/,0,20
https://longwang.ru/useful-articles/agent-ved-broker-kitay/,Импорт из Китая под свой контракт или через брокера? - Long Wang,"Импорт из Китая: сами, через брокера или через агента ВЭД — что реально работает",2,0,2,0,0,131,8,https://longwang.ru/useful-articles/dokumentalnoe-oformlenie-importa-cherez-agenta/,https://longwang.ru/useful-articles/zashhita-informaczii-ved/,https://longwang.ru/useful-articles/pryamye-postavki-iz-kitaya/,0,20
https://longwang.ru/useful-articles/atlas-copco-innovations/,Инновации компании Atlas Copco: технологии будущего - Long Wang,Инновации компании Atlas Copco: технологии будущего,2,0,2,0,0,38,8,https://longwang.ru/supplies-services-china/parallelnyj-import-is-kitaya/brands/atlas-copco-product-supplies/,https://longwang.ru/international/speczialnye-ekonomicheskie-zony-v-kitae/,https://longwang.ru/supplies-services-china/autsorsing-ved/finansirovanie-importa-iz-kitaia/,0,20
https://longwang.ru/useful-articles/bayer-v-kitae-plyusy-i-minusy/,Байер в Китае - плюсы и минусы - Long Wang,Байер в Китае — плюсы и минусы,2,0,2,0,0,111,8,https://longwang.ru/useful-articles/kak-nachat-biznes-s-kitaem-chast-1/,https://longwang.ru/useful-articles/kak-nachat-biznes-s-kitaem-s-nulya-chast-2/,https://longwang.ru/useful-articles/obrazczy-dokumentov-dlya-raboty-s-postavshhikami-iz-kitaya/,0,20
https://longwang.ru/useful-articles/biznes-s-kitaem-s-nulya-chto-nuzhno-znat-nachinayushhemu-predprinimatelyu/,Бизнес с Китаем с нуля 2026: что реально нужно знать новичку,Бизнес с Китаем с нуля: что нужно знать начинающему предпринимателю в 2026 году,2,0,2,0,0,131,8,https://longwang.ru/novosti-is-kitaya/rost-czen-na-postavki-tovarov-iz-kitaya-v-rossiyu/,https://longwang.ru/useful-articles/kupit-elektroniku-nesmotrya-na-sankczii/,https://longwang.ru/useful-articles/popular-products-china/,0,20
https://longwang.ru/useful-articles/cargo-at-customs/,Как сделать таможенное оформление грузов из Китая - Long Wang,Как правильно оформить груз на таможне и не попасть под штрафы?,2,0,2,0,0,122,8,https://longwang.ru/supplies-services-china/dostavka-is-kitaya/tamojennoe-oformlenie-china/,https://longwang.ru/useful-articles/iz-kitaya-mozhet-prijti-povrezhdyonnyj-gruz/,https://longwang.ru/useful-articles/kak-poluchit-gruz-v-terminale-sheremetevo/,0,20
https://longwang.ru/useful-articles/cheeper-shipping-china/,Консолидация грузов из Китая: как экономить при нескольких поставщиках,Экономия на доставке из Китая: как объединить грузы от разных поставщиков,2,0,2,0,0,144,8,https://longwang.ru/supplies-services-china/dostavka-is-kitaya/tamojennoe-oformlenie-china/,https://longwang.ru/useful-articles/shipping-cost/,https://longwang.ru/useful-articles/iz-kitaya-mozhet-prijti-povrezhdyonnyj-gruz/,0,20
https://longwang.ru/useful-articles/chtoby-ozhidanie-sovpadalo-s-realnostyu-7-prakticheskih-rekomendaczii-dlya-vedeniya-biznesa-s-kitaem-s-nulya/,7 практических рекомендаций для ведения бизнеса с Китаем с нуля - Long Wang,7 практических рекомендаций для ведения бизнеса с Китаем с нуля,2,0,2,0,0,129,8,https://longwang.ru/useful-articles/obrazczy-dokumentov-dlya-raboty-s-postavshhikami-iz-kitaya/,https://longwang.ru/posledniye-novosti-iz-kitaya/page/7/,https://longwang.ru/supplies-services-china/,0,20
https://longwang.ru/useful-articles/customs-clearance-china/,Как растаможить товар из Китая - Long Wang,Как растаможить товар из Китая,2,0,2,0,0,111,8,https://longwang.ru/supplies-services-china/,https://longwang.ru/useful-articles/iz-kitaya-mozhet-prijti-povrezhdyonnyj-gruz/,https://longwang.ru/supplies-services-china/dostavka-is-kitaya/tamojennoe-oformlenie-china/,0,20
https://longwang.ru/useful-articles/delayed-cargo-from-china/,Задержка груза из Китая: как избежать рисков- Long Wang,Задержка груза из Китая,2,0,2,0,0,107,8,https://longwang.ru/useful-articles/cheeper-shipping-china/,https://longwang.ru/useful-articles/iz-kitaya-mozhet-prijti-povrezhdyonnyj-gruz/,https://longwang.ru/useful-articles/kak-poluchit-gruz-v-terminale-pulkovo/,0,20
https://longwang.ru/useful-articles/dokumentalnoe-oformlenie-importa-cherez-agenta/,Документы для импорта из Китая через агента: карго и официальный импорт,Документальное оформление импорта через агента: какие документы получает импортёр,2,0,2,0,0,129,8,https://longwang.ru/useful-articles/agent-ved-broker-kitay/,https://longwang.ru/projects/import-fittings-china/,https://longwang.ru/supplies-services-china/autsorsing-ved/otkryt-kompaniyu-v-kitae/,0,20
https://longwang.ru/useful-articles/exhibitions-in-china/,"Выставки в Китае – бизнес, культура и возможности с Longwang",Выставки в Китае,2,0,2,0,0,108,8,https://longwang.ru/useful-articles/kitajskie-internet-magaziny/,https://longwang.ru/useful-articles/find-chinese-supplier/,https://longwang.ru/useful-articles/incorrect-labeling/,0,20
https://longwang.ru/useful-articles/find-chinese-supplier/,Как найти и проверить поставщика в Китае: с чего начать и что важно знать,Гид для начинающих импортёров: как искать и проверять поставщика в Китае,2,0,2,0,0,139,8,https://longwang.ru/useful-articles/torgovye-ploshadki-kitaya/,https://longwang.ru/useful-articles/page/3/,https://longwang.ru/useful-articles/wholesale-goods-alibaba/,0,20
https://longwang.ru/useful-articles/himicheskaya-promyshlennost-v-kitae/,Химическая промышленность Китая: где искать поставщиков и на чём можно сэкономить - Long Wang,Химическая промышленность Китая: где искать поставщиков и на чём можно сэкономить,2,0,2,0,0,123,8,https://longwang.ru/useful-articles/obrazczy-dokumentov-dlya-raboty-s-postavshhikami-iz-kitaya/,https://longwang.ru/international/novyj-hab-dlya-tovarov-iz-kitaya/,https://longwang.ru/useful-articles/cheeper-shipping-china/,0,20
https://longwang.ru/useful-articles/import-of-batteries/,Ввоз аккумуляторов из Китая в Россию что нужно знать,Ввоз аккумуляторов из Китая: где чаще всего теряют деньги и как этого избежать,2,0,2,0,0,131,8,https://longwang.ru/useful-articles/cheeper-shipping-china/,https://longwang.ru/supplies-services-china/goods-check-china/,https://longwang.ru/useful-articles/iz-kitaya-mozhet-prijti-povrezhdyonnyj-gruz/,0,20
https://longwang.ru/useful-articles/incorrect-labeling/,Неправильная маркировка товаров из Китая: штрафы до 1 млн и блокировки маркетплейсов,"Неправильная маркировка товаров из Китая: штрафы, риски и как их избежать",2,0,2,0,0,150,8,https://longwang.ru/useful-articles/tamozhennaya-sertifikacziya/,https://longwang.ru/useful-articles/tovary-iz-kitaya-dlya-marketplejsov/,https://longwang.ru/useful-articles/useful-articles-furniture-from-china/,0,20
https://longwang.ru/useful-articles/iz-kitaya-mozhet-prijti-povrezhdyonnyj-gruz/,Из Китая может прийти повреждённый груз - Long Wang,Из Китая может прийти повреждённый груз,2,0,2,0,0,111,8,https://longwang.ru/useful-articles/pryamye-postavki-iz-kitaya/,https://longwang.ru/useful-articles/kak-poluchit-gruz-v-terminale-sheremetevo/,https://longwang.ru/useful-articles/cheeper-shipping-china/,0,20
https://longwang.ru/useful-articles/kak-dostavit-gruz-iz-kitaya/,Как выбрать доставку из Китая: сравнение способов для вашего груза,Гид по выбору оптимального способа доставки грузов из Китая в этом году,2,0,2,0,0,134,8,https://longwang.ru/useful-articles/aviadostavka-gruzov-iz-kitaya/,https://longwang.ru/useful-articles/how-much-shipping-cost/,https://longwang.ru/useful-articles/kak-poluchit-gruz-v-terminale-sheremetevo/,0,20
https://longwang.ru/useful-articles/kak-nachat-biznes-s-kitaem-chast-1/,Советы для начинающих: как начать бизнес с Китаем с нуля (Часть 1) - Long Wang,Советы для начинающих: как начать бизнес с Китаем с нуля (Часть 1),2,0,2,0,0,124,8,https://longwang.ru/useful-articles/kak-nachat-biznes-s-kitaem-s-nulya-chast-2/,https://longwang.ru/useful-articles/pryamye-postavki-iz-kitaya/,https://longwang.ru/useful-articles/bayer-v-kitae-plyusy-i-minusy/,0,20
https://longwang.ru/useful-articles/kak-nachat-biznes-s-kitaem-s-nulya-chast-2/,Советы для начинающих: как начать бизнес с Китаем с нуля (Часть 2) - Long Wang,Советы для начинающих: как начать бизнес с Китаем с нуля (Часть 2),2,0,2,0,0,127,8,https://longwang.ru/useful-articles/kak-nachat-biznes-s-kitaem-chast-1/,https://longwang.ru/useful-articles/poleznye-sovety-dlya-uspeshnoj-dostavki-iz-kitaya/,https://longwang.ru/supplies-services-china/goods-check-china/,0,20
https://longwang.ru/useful-articles/kak-poluchit-gruz-v-terminale-pulkovo/,"Как получить груз в терминале Пулково: пошаговая инструкция для тех, кто здесь впервые - Long Wang","Как получить груз в терминале Пулково: пошаговая инструкция для тех, кто здесь впервые",2,0,2,0,0,140,8,https://longwang.ru/useful-articles/kak-poluchit-gruz-v-terminale-sheremetevo/,https://longwang.ru/supplies-services-china/dostavka-is-kitaya/tamojennoe-oformlenie-china/,https://longwang.ru/useful-articles/cheeper-shipping-china/,0,20
https://longwang.ru/useful-articles/kak-poluchit-gruz-v-terminale-sheremetevo/,Как получить груз в терминале Шереметьево и не попасть на платное хранение - Long Wang,Как получить груз в терминале Шереметьево и не попасть на платное хранение,2,0,2,0,0,107,8,https://longwang.ru/useful-articles/kak-poluchit-gruz-v-terminale-pulkovo/,https://longwang.ru/useful-articles/iz-kitaya-mozhet-prijti-povrezhdyonnyj-gruz/,https://longwang.ru/useful-articles/konsolidacziya-sbornyh-gruzov-iz-kitaya/,0,20
https://longwang.ru/useful-articles/kak-vernut-tovar-v-kitay/,Как вернуть товар в Китай - Long Wang,Как вернуть товар в Китай,2,0,2,0,0,113,8,https://longwang.ru/supplies-services-china/goods-check-china/,https://longwang.ru/useful-articles/iz-kitaya-mozhet-prijti-povrezhdyonnyj-gruz/,https://longwang.ru/useful-articles/customs-clearance-china/,0,20
https://longwang.ru/useful-articles/kitajskie-internet-magaziny/,Китайские интернет-магазины: главные особенности - Long Wang,Китайские интернет-магазины: главные особенности,2,0,2,0,0,141,8,https://longwang.ru/useful-articles/find-chinese-supplier/,https://longwang.ru/useful-articles/incorrect-labeling/,https://longwang.ru/useful-articles/useful-articles-furniture-from-china/,0,20
https://longwang.ru/useful-articles/laboratory-thermo-equipment/,"Как выбрать лабораторное термооборудование из Китая: печи, шкафы, камеры",Как выбрать лабораторное термооборудование из Китая,2,0,2,0,0,125,8,https://longwang.ru/supplies-services-china/equipment-from-china/thermo-equipment-china/,https://longwang.ru/useful-articles/industrial-thermo-guide/,https://longwang.ru/supplies-services-china/equipment-from-china/thermo-equipment-china/drying-cultivation-cabinets/,0,20
https://longwang.ru/useful-articles/logistika-iz-kitaya/,Логистика из Китая - Long Wang,Логистика из Китая,2,0,2,0,0,119,8,https://longwang.ru/useful-articles/tamozhennaya-sertifikacziya/,https://longwang.ru/useful-articles/poleznye-sovety-dlya-uspeshnoj-dostavki-iz-kitaya/,https://longwang.ru/supplies-services-china/goods-check-china/,0,20
https://longwang.ru/useful-articles/mistakes-when-working-china/,Ошибки при импорте из Китая и как их избежать – Long Wang,7 ошибок при работе с китайской компанией,2,0,2,0,0,123,8,https://longwang.ru/useful-articles/find-chinese-supplier/,https://longwang.ru/useful-articles/kitajskie-internet-magaziny/,https://longwang.ru/useful-articles/obrazczy-dokumentov-dlya-raboty-s-postavshhikami-iz-kitaya/,0,20
https://longwang.ru/useful-articles/negotiations-with-chinese-partners/,"Переговоры с китайскими партнёрами: психология, тактика и скрытые смыслы",Переговоры с китайскими партнёрами: как их понимать и договариваться,2,0,2,0,0,130,8,https://longwang.ru/supplies-services-china/autsorsing-ved/ved-s-kitaem/,https://longwang.ru/useful-articles/belaya-dostavka-iz-kitaya/,https://longwang.ru/useful-articles/incorrect-import-calculation/,0,20
https://longwang.ru/useful-articles/obrazczy-dokumentov-dlya-raboty-s-postavshhikami-iz-kitaya/,"Документы для работы с Китаем: контракт, инвойс, packing list и сертификация","Документы для работы с поставщиками из Китая: контракт, инвойс, упаковочный лист",2,0,2,0,0,140,8,https://longwang.ru/useful-articles/belaya-dostavka-iz-kitaya/,https://longwang.ru/useful-articles/populyarnyye-tovary-iz-kitaya/,https://longwang.ru/supplies-services-china/,0,20
https://longwang.ru/useful-articles/oplata-tovarov-v-kitae/,"Оплата товаров в Китае в этом году: способы, условия, таблица сравнения",Оплата товаров в Китае в новых реалиях,2,0,2,0,0,122,8,https://longwang.ru/novosti-is-kitaya/rost-czen-na-postavki-tovarov-iz-kitaya-v-rossiyu/,https://longwang.ru/useful-articles/biznes-s-kitaem-s-nulya-chto-nuzhno-znat-nachinayushhemu-predprinimatelyu/,https://longwang.ru/posledniye-novosti-iz-kitaya/page/4/,0,20
https://longwang.ru/useful-articles/otkaznye-pisma/,Отказные письма на китайские товары- Long Wang,Отказные письма,2,0,2,0,0,144,8,https://longwang.ru/supplies-services-china/goods-check-china/,https://longwang.ru/useful-articles/purchases-without-intermediaries/,https://longwang.ru/useful-articles/tamozhennaya-sertifikacziya/,0,20
https://longwang.ru/useful-articles/ozon-from-china/,Закупка товаров из Китая для Ozon: как не потерять деньги на старте - Long Wang,Закупка товаров из Китая для Ozon: как не потерять деньги на старте,2,0,2,0,0,140,8,https://longwang.ru/useful-articles/purchase-of-construction-equipment/,https://longwang.ru/useful-articles/incorrect-labeling/,https://longwang.ru/useful-articles/tovary-iz-kitaya-dlya-marketplejsov/,0,20
https://longwang.ru/useful-articles/parallelnyj-import-segodnya/,Параллельный импорт из Китая в настоящем: описание методик и правил,Параллельный импорт из Китая 2026: как ввозить бренды и где брать оригиналы,2,0,2,0,0,142,8,https://longwang.ru/international/volna-kitayskogo-eksporta/,https://longwang.ru/posledniye-novosti-iz-kitaya/page/6/,https://longwang.ru/useful-articles/popular-products-china/,0,20
https://longwang.ru/useful-articles/payment-methods-china/,Оплаты поставщикам в Китае. Проблемы. Способы. - Long Wang,Оплаты поставщикам в Китае. Проблемы. Способы.,2,0,2,0,0,138,8,https://longwang.ru/supplies-services-china/autsorsing-ved/platezhi-v-kitai/,https://longwang.ru/useful-articles/page/4/,https://longwang.ru/international/volna-kitayskogo-eksporta/,0,20
https://longwang.ru/useful-articles/poleznye-sovety-dlya-uspeshnoj-dostavki-iz-kitaya/,Полезные советы для успешной доставки из Китая - Long Wang,Полезные советы для успешной доставки из Китая,2,0,2,0,0,121,8,https://longwang.ru/supplies-services-china/goods-check-china/,https://longwang.ru/supplies-services-china/,https://longwang.ru/useful-articles/shipping-cost/,0,20
https://longwang.ru/useful-articles/populyarnyye-tovary-iz-kitaya/,"Как выбрать товар для импорта из Китая в 2026 году — спрос, маржа и риски",Как выбрать товар для импорта из Китая: пошаговый алгоритм,2,0,2,0,0,141,8,https://longwang.ru/useful-articles/popular-products-china/,https://longwang.ru/useful-articles/obrazczy-dokumentov-dlya-raboty-s-postavshhikami-iz-kitaya/,https://longwang.ru/useful-articles/parallelnyj-import-segodnya/,0,20
https://longwang.ru/useful-articles/postavki-danfoss/,Поставки оригинальной продукции Danfoss - Long Wang,Поставки оригинальной продукции Danfoss,2,0,2,0,0,71,8,https://longwang.ru/supplies-services-china/parallelnyj-import-is-kitaya/brands/danfoss-product-supplies/,https://longwang.ru/useful-articles/worlds-brend-equipment/,https://longwang.ru/useful-articles/otkaznye-pisma/,0,20
https://longwang.ru/useful-articles/proizvodstvo-svoego-tovara-v-kitae/,OEM в Китае 2026: производство своего товара под ключ,Производство своего товара в Китае2026: от идеи до серийной партии,2,0,2,0,0,129,8,https://longwang.ru/novosti-is-kitaya/spad-proizvodstva-kitaya/,https://longwang.ru/useful-articles/purchase-of-construction-equipment/,https://longwang.ru/useful-articles/page/6/,0,20
https://longwang.ru/useful-articles/proslezhivaemost-chestnyj-znak/,Прослеживаемость и «Честный знак» для импортеров: правила сегодня,Прослеживаемость и «Честный знак»: как импортеру правильно подойти к оформлению,2,0,2,0,0,128,8,https://longwang.ru/useful-articles/incorrect-labeling/,https://longwang.ru/international/volna-kitayskogo-eksporta/,https://longwang.ru/useful-articles/belaya-dostavka-iz-kitaya/,0,20
https://longwang.ru/useful-articles/proslezhivaemost-tovarov/,Прослеживаемость импортных товаров суть системы - Long Wang,Прослеживаемость импортных товаров суть системы,2,0,2,0,0,141,8,https://longwang.ru/useful-articles/tamozhennaya-sertifikacziya/,https://longwang.ru/supplies-services-china/goods-check-china/,https://longwang.ru/useful-articles/page/5/,0,20
https://longwang.ru/useful-articles/pryamye-postavki-iz-kitaya/,ПРЯМЫЕ ПОСТАВКИ ИЗ КИТАЯ - Long Wang,ПРЯМЫЕ ПОСТАВКИ ИЗ КИТАЯ,2,0,2,0,0,138,8,https://longwang.ru/supplies-services-china/goods-check-china/,https://longwang.ru/supplies-services-china/,https://longwang.ru/useful-articles/iz-kitaya-mozhet-prijti-povrezhdyonnyj-gruz/,0,20
https://longwang.ru/useful-articles/purchases-without-intermediaries/,Как снизить риски при закупке товаров в Китае без посредников Long Wang,Как закупать товары оптом в Китае без посредников: советы и риски,2,0,2,0,0,125,8,https://longwang.ru/supplies-services-china/goods-check-china/,https://longwang.ru/useful-articles/otkaznye-pisma/,https://longwang.ru/projects/import-fittings-china/,0,20
https://longwang.ru/useful-articles/rasschitat-dostavku-iz-kitaya/,Как самостоятельно рассчитать стоимость доставки из Китая,Как самостоятельно рассчитать стоимость доставки из Китая в Россию,2,0,2,0,0,122,8,https://longwang.ru/supplies-services-china/dostavka-is-kitaya/aviadostavka-iz-kitaya/,https://longwang.ru/useful-articles/product-samples/,https://longwang.ru/useful-articles/cheeper-shipping-china/,0,20
https://longwang.ru/useful-articles/shipping-cost/,Доставка товаров из Китая в Россию – экономия на упаковке - Long Wang,Как снизить стоимость доставки из Китая: правильная упаковка,2,0,2,0,0,133,8,https://longwang.ru/useful-articles/poleznye-sovety-dlya-uspeshnoj-dostavki-iz-kitaya/,https://longwang.ru/supplies-services-china/goods-check-china/,https://longwang.ru/useful-articles/cheeper-shipping-china/,0,20
https://longwang.ru/useful-articles/stoimost-dostavki-iz-kitaya/,Расчет стоимости доставки из Китая в 2026 – полная методика,"Советы по расчету стоимости доставки из Китая в 2026 году, как считать реально",2,0,2,0,0,135,8,https://longwang.ru/useful-articles/popular-products-china/,https://longwang.ru/useful-articles/biznes-s-kitaem-s-nulya-chto-nuzhno-znat-nachinayushhemu-predprinimatelyu/,https://longwang.ru/useful-articles/cargo-dostavka-iz-kitaya-v-rossiyu/,0,20
https://longwang.ru/useful-articles/tamozhennaya-sertifikacziya/,Таможенная сертификация товаров из Китая: полный гид по документам,Таможенная сертификация товаров из Китая: как легально ввезти и продавать в России,2,0,2,0,0,146,8,https://longwang.ru/useful-articles/otkaznye-pisma/,https://longwang.ru/useful-articles/incorrect-labeling/,https://longwang.ru/useful-articles/proslezhivaemost-tovarov/,0,20
https://longwang.ru/useful-articles/ten-mistakes/,10 ключевых ошибок при работе с Китаем в Новый год,10 ключевых ошибок при работе с китайскими поставщиками в Новый год,2,0,2,0,0,126,8,https://longwang.ru/supplies-services-china/equipment-from-china/,https://longwang.ru/supplies-services-china/,https://longwang.ru/useful-articles/obrazczy-dokumentov-dlya-raboty-s-postavshhikami-iz-kitaya/,0,20
https://longwang.ru/useful-articles/torgovye-ploshadki-kitaya/,"Торговые площадки Китая: где ищут поставщиков и чем отличаются Alibaba, 1688 и другие платформы - Long Wang","Торговые площадки Китая: где ищут поставщиков и чем отличаются Alibaba, 1688 и другие платформы",2,0,2,0,0,35,8,https://longwang.ru/useful-articles/find-chinese-supplier/,https://longwang.ru/useful-articles/wholesale-goods-alibaba/,https://longwang.ru/novosti-is-kitaya/kitajskie-akczii-v-rossii/,0,20
https://longwang.ru/useful-articles/useful-articles-furniture-from-china/,"Импорт мебели из Китая: поставщики, доставка и таможня",Импорт мебели из Китая: как найти поставщика и избежать ошибок,2,0,2,0,0,136,8,https://longwang.ru/useful-articles/obrazczy-dokumentov-dlya-raboty-s-postavshhikami-iz-kitaya/,https://longwang.ru/useful-articles/incorrect-labeling/,https://longwang.ru/useful-articles/incorrect-import-calculation/,0,20
https://longwang.ru/useful-articles/vat-refund-china/,Как возвращать китайский НДС. VAT refund в Китае.,"Возврат НДС при экспорте из Китая: условия, расчёт и схема VAT refund",2,0,2,0,0,119,8,https://longwang.ru/international/volna-kitayskogo-eksporta/,https://longwang.ru/useful-articles/obrazczy-dokumentov-dlya-raboty-s-postavshhikami-iz-kitaya/,https://longwang.ru/posledniye-novosti-iz-kitaya/page/6/,0,20
https://longwang.ru/useful-articles/wholesale-goods-alibaba/,Покупка товаров оптом на Alibaba - Long Wang,Покупка товаров оптом на Alibaba,2,0,2,0,0,29,8,https://longwang.ru/useful-articles/find-chinese-supplier/,https://longwang.ru/useful-articles/torgovye-ploshadki-kitaya/,https://longwang.ru/useful-articles/mistakes-when-working-china/,0,20
https://longwang.ru/useful-articles/worlds-brend-equipment/,Подделки при импорте санкционного оборудования из Китая - Long Wang,Как не купить подделку или б/у санкционное оборудование в Китае через посредника,2,0,2,0,0,135,8,https://longwang.ru/projects/oborudovanie-v-lizing-po-lgotnoj-stavke/,https://longwang.ru/supplies-services-china/equipment-from-china/,https://longwang.ru/useful-articles/purchases-without-intermediaries/,0,20
https://longwang.ru/useful-articles/zashhita-informaczii-ved/,Защита коммерческой информации по сделкам ВЭД - Long Wang,Защита коммерческой информации по сделкам ВЭД,2,0,2,0,0,121,8,https://longwang.ru/useful-articles/agent-ved-broker-kitay/,https://longwang.ru/international/speczialnye-ekonomicheskie-zony-v-kitae/,https://longwang.ru/supplies-services-china/,0,20
https://longwang.ru/supplies-services-china/parallelnyj-import-is-kitaya/brands/baumer-sensors-order/,Поставки датчиков и продуктов Baumer - Long Wang,Датчики и энкодеры Baumer для промышленной автоматизации,2,1,2,1,0,1,8,https://longwang.ru/supplies-services-china/parallelnyj-import-is-kitaya/brands/bitzer-compressors-parts/,https://longwang.ru/,https://longwang.ru/supplies-services-china/equipment-from-china/thermo-equipment-china/drying-cultivation-cabinets/,0,19
https://longwang.ru/supplies-services-china/parallelnyj-import-is-kitaya/brands/brevini-motion-systems-product-supplies/,"Редукторы, мотор-редукторы, насосы Brevini - Long Wang",Редукторы Brevini и гидромоторы: поставка оригиналов из Китая,2,1,2,1,0,50,8,https://longwang.ru/supplies-services-china/equipment-from-china/,https://longwang.ru/useful-articles/cheeper-shipping-china/,https://longwang.ru/supplies-services-china/proverka-postavshhika-v-kitae/,0,19
https://longwang.ru/supplies-services-china/parallelnyj-import-is-kitaya/brands/danfoss-product-supplies/,Продукция бренда Danfoss – Long Wang,Продукция бренда Danfoss,2,1,2,1,0,24,8,https://longwang.ru/useful-articles/postavki-danfoss/,https://longwang.ru/useful-articles/page/5/,https://longwang.ru/novosti-is-kitaya/portah-dalnego-vostoka/,0,19
https://longwang.ru/supplies-services-china/parallelnyj-import-is-kitaya/brands/fronius-equipment-supply/,Сварочное оборудование Fronius: поставка из Китая — Long Wang,Оригинальное оборудование Fronius со складов в Китае,2,1,2,1,0,0,8,https://longwang.ru/,https://longwang.ru/novosti-is-kitaya/portah-dalnego-vostoka/,https://longwang.ru/supplies-services-china/equipment-from-china/thermo-equipment-china/drying-cultivation-cabinets/,0,19
https://longwang.ru/supplies-services-china/parallelnyj-import-is-kitaya/brands/mattei-rotors-compressors/,Компрессоры Mattei: поставка роторно-лопастного оборудования из Китая,Поставка компрессоров Mattei и комплектующих,2,1,2,1,0,0,8,https://longwang.ru/posledniye-novosti-iz-kitaya/page/8/,https://longwang.ru/,https://longwang.ru/novosti-is-kitaya/kitajskie-drony-mirovoj-trend/,0,19
https://longwang.ru/supplies-services-china/parallelnyj-import-is-kitaya/brands/schneider-electric-supply/,Продукция Schneider Electric от дистрибьютера в Китае - Long Wang,Оригиналы Schneider от официального дистрибьютера в Китае,2,1,2,1,3,2,8,https://longwang.ru/supplies-services-china/dostavka-is-kitaya/aviadostavka-iz-kitaya/,https://longwang.ru/posledniye-novosti-iz-kitaya/page/6/,https://longwang.ru/useful-articles/cheeper-shipping-china/,0,19
https://longwang.ru/supplies-services-china/parallelnyj-import-is-kitaya/brands/supply-masimo-products/,Поставка оригинального медицинского оборудования Masimo - Long Wang,Поставка продукции Masimo,2,1,2,1,0,90,8,https://longwang.ru/supplies-services-china/dostavka-is-kitaya/aviadostavka-iz-kitaya/,https://longwang.ru/novosti-is-kitaya/portah-dalnego-vostoka/,https://longwang.ru/supplies-services-china/parallelnyj-import-is-kitaya/brands/festo-equipment-supplies/,0,19
https://longwang.ru/international/prodazhee-keetayiskeeh-bryendov/,Рост продажи китайских брендов в России,Продажи китайских брендов выросли в 2 раза,3,0,3,0,0,120,8,https://longwang.ru/,https://longwang.ru/useful-articles/worlds-brend-equipment/,https://longwang.ru/supplies-services-china/autsorsing-ved/otkryt-kompaniyu-v-kitae/,0,19
https://longwang.ru/international/speczialnye-ekonomicheskie-zony-v-kitae/,Специальные экономические зоны Китая: как на них зарабатывает российский бизнес - Long Wang,Специальные экономические зоны Китая: как на них зарабатывает российский бизнес,3,0,3,0,0,139,8,https://longwang.ru/supplies-services-china/equipment-from-china/,https://longwang.ru/useful-articles/agent-ved-broker-kitay/,https://longwang.ru/useful-articles/pryamye-postavki-iz-kitaya/,0,19
https://longwang.ru/novosti-is-kitaya/kitajskaya-industriya-igrushek/,"Китайская индустрия игрушек: объемы, тренды и технологии 2026",Китайская индустрия игрушек: как устроен главный в мире производитель,3,0,3,0,0,130,8,https://longwang.ru/useful-articles/biznes-s-kitaem-s-nulya-chto-nuzhno-znat-nachinayushhemu-predprinimatelyu/,https://longwang.ru/international/volna-kitayskogo-eksporta/,https://longwang.ru/useful-articles/kupit-elektroniku-nesmotrya-na-sankczii/,0,19
https://longwang.ru/novosti-is-kitaya/kitajskie-drony-mirovoj-trend/,Китайские дроны: мировой тренд и как бизнесу их закупать в 2026,Китайские дроны — мировой тренд: возможности для российского бизнеса,3,0,3,0,0,101,8,https://longwang.ru/international/tovarooborot-rossii-i-kitaya-stavit-rekordy/,https://longwang.ru/useful-articles/biznes-s-kitaem-s-nulya-chto-nuzhno-znat-nachinayushhemu-predprinimatelyu/,https://longwang.ru/useful-articles/kupit-elektroniku-nesmotrya-na-sankczii/,0,19
https://longwang.ru/useful-articles/analogi-mirovyh-brendov-v-kitae/,Аналоги мировых брендов в Китае - Long Wang,Аналоги мировых брендов в Китае,3,0,3,0,0,73,8,https://longwang.ru/useful-articles/kitajskie-internet-magaziny/,https://longwang.ru/international/proizvodstvo-plastmassovyh-izdelij-v-kitae/,https://longwang.ru/novosti-is-kitaya/xiaomi-vvoz-noutbukov-v-rossiyu/,0,19
https://longwang.ru/useful-articles/belaya-dostavka-iz-kitaya/,Белая доставка из Китая: что это такое и как отличить её от серых схем,Что называют «белой доставкой» из Китая и чем она отличается от серых схем,3,0,3,0,0,123,8,https://longwang.ru/useful-articles/kak-dostavit-gruz-iz-kitaya/,https://longwang.ru/supplies-services-china/autsorsing-ved/ved-s-kitaem/,https://longwang.ru/useful-articles/incorrect-import-calculation/,0,19
https://longwang.ru/useful-articles/how-much-shipping-cost/,Стоимость доставки товара из Китая в Россию и ее расчет,Сколько стоит доставка груза из Китая: расчет и примеры,3,0,3,0,0,116,8,https://longwang.ru/useful-articles/kak-dostavit-gruz-iz-kitaya/,https://longwang.ru/useful-articles/kak-poluchit-gruz-v-terminale-sheremetevo/,https://longwang.ru/useful-articles/konsolidacziya-sbornyh-gruzov-iz-kitaya/,0,19
https://longwang.ru/useful-articles/incorrect-import-calculation/,Как избежать проблем при выкупе и доставке из Китая - Long Wang,Рост цены при доставке и импорте из Китая через агента или брокера и как этого избежать,3,0,3,0,0,125,8,https://longwang.ru/supplies-services-china/autsorsing-ved/ved-s-kitaem/,https://longwang.ru/useful-articles/obrazczy-dokumentov-dlya-raboty-s-postavshhikami-iz-kitaya/,https://longwang.ru/supplies-services-china/,0,19
https://longwang.ru/useful-articles/industrial-thermo-guide/,Промышленные печи и термооборудование из Китая: модели и выбор,Промышленные печи и сушильные шкафы из Китая: гайд по выбору,3,0,3,0,0,126,8,https://longwang.ru/useful-articles/laboratory-thermo-equipment/,https://longwang.ru/useful-articles/purchases-without-intermediaries/,https://longwang.ru/supplies-services-china/equipment-from-china/,0,19
https://longwang.ru/useful-articles/konsolidacziya-sbornyh-gruzov-iz-kitaya/,Консолидация сборных грузов из Китая - Long Wang,Консолидация сборных грузов из Китая,3,0,3,0,0,115,8,https://longwang.ru/useful-articles/kak-poluchit-gruz-v-terminale-sheremetevo/,https://longwang.ru/useful-articles/iz-kitaya-mozhet-prijti-povrezhdyonnyj-gruz/,https://longwang.ru/useful-articles/kak-dostavit-gruz-iz-kitaya/,0,19
https://longwang.ru/useful-articles/kupit-elektroniku-nesmotrya-na-sankczii/,"Как купить электронику в Китае в 2026: новые правила, маркировка, условия",Как купить электронику в Китае в 2026: новые правила и пути решения,3,0,3,0,0,130,8,https://longwang.ru/useful-articles/popular-products-china/,https://longwang.ru/useful-articles/purchase-of-construction-equipment/,https://longwang.ru/useful-articles/biznes-s-kitaem-s-nulya-chto-nuzhno-znat-nachinayushhemu-predprinimatelyu/,0,19
https://longwang.ru/useful-articles/popular-products-china/,Популярные товары из Китая: что лучше продавать в России - Long Wang,Популярные товары из Китая в 2026 году: что выгодно импортировать и продавать,3,0,3,0,0,130,8,https://longwang.ru/useful-articles/kupit-elektroniku-nesmotrya-na-sankczii/,https://longwang.ru/useful-articles/cargo-dostavka-iz-kitaya-v-rossiyu/,https://longwang.ru/useful-articles/purchase-of-construction-equipment/,0,19
https://longwang.ru/useful-articles/spring-festival-in-china/,Весенний фестиваль в Китае: когда фабрики не работают,Китайский Новый год: как праздник влияет на поставки из Китая,3,0,3,0,0,124,8,https://longwang.ru/useful-articles/obrazczy-dokumentov-dlya-raboty-s-postavshhikami-iz-kitaya/,https://longwang.ru/useful-articles/kak-kupit-oborudovanie-kitay/,https://longwang.ru/useful-articles/kak-dostavit-gruz-iz-kitaya/,0,19
https://longwang.ru/useful-articles/top-oborudovanie-iz-kitaya/,"Оборудование из Китая в 2026: тренды рынка, виды и риски - Long Wang",Рынок оборудования из Китая в 2026: главные тренды и риски,3,0,3,0,0,138,8,https://longwang.ru/useful-articles/popular-products-china/,https://longwang.ru/useful-articles/purchase-of-construction-equipment/,https://longwang.ru/useful-articles/cargo-dostavka-iz-kitaya-v-rossiyu/,0,19
https://longwang.ru/useful-articles/tovary-iz-kitaya-dlya-marketplejsov/,Что и как возить из Китая для Ozon и Wildberries. Гайд для селлеров маркетплейсов,"Товары из Китая для маркетплейсов: гайд для селлеров Ozon, Wildberries",3,0,3,0,0,95,8,https://longwang.ru/projects/ozon-supply-china/,https://longwang.ru/projects/sbornye-postavki-dlya-melkogo-opta/,https://longwang.ru/useful-articles/incorrect-labeling/,0,19
https://longwang.ru/supplies-services-china/parallelnyj-import-is-kitaya/brands/bitzer-compressors-parts/,Компрессоры Bitzer: поставка оригиналов оборудования и запчастей,Поставка компрессоров Bitzer и оригинальных запчастей,3,1,3,1,0,2,8,https://longwang.ru/,https://longwang.ru/supplies-services-china/parallelnyj-import-is-kitaya/brands/baumer-sensors-order/,https://longwang.ru/posledniye-novosti-iz-kitaya/page/8/,0,18
https://longwang.ru/supplies-services-china/parallelnyj-import-is-kitaya/brands/caterpillar-spare-parts/,Поставки оригинальных деталей Caterpillar (CAT) – Long Wang,Поставка оригинальных деталей Caterpillar (CAT),3,1,3,1,0,3,8,https://longwang.ru/projects/kompressornoe-oborudovanie-v-kratchajshie-sroki/,https://longwang.ru/projects/,https://longwang.ru/posledniye-novosti-iz-kitaya/page/8/,0,18
https://longwang.ru/supplies-services-china/parallelnyj-import-is-kitaya/brands/festo-equipment-supplies/,Поставка продукции Festo – Long Wang,Поставка продукции Festo,3,1,2,1,0,69,8,https://longwang.ru/supplies-services-china/dostavka-is-kitaya/,https://longwang.ru/supplies-services-china/dostavka-is-kitaya/aviadostavka-iz-kitaya/,https://longwang.ru/supplies-services-china/parallelnyj-import-is-kitaya/brands/wilo-product-supplies/,0,18
https://longwang.ru/supplies-services-china/parallelnyj-import-is-kitaya/brands/hydac-equipment-buy/,Поставка фильтров и гидроаккумуляторов Hydac из Китая — Long Wang,"Фильтры, клапаны и гидроаккумуляторы Hydac со складов в Китае",3,1,3,1,0,0,8,https://longwang.ru/useful-articles/spring-festival-in-china/,https://longwang.ru/supplies-services-china/dostavka-is-kitaya/aviadostavka-iz-kitaya/,https://longwang.ru/useful-articles/laboratory-thermo-equipment/,0,18
https://longwang.ru/supplies-services-china/parallelnyj-import-is-kitaya/brands/telco-product-supply/,"Поставка датчиков, разъемов и кабелей Telco из Китая","Оригинальные датчики, разъемы и кабели Telco из Китая",3,1,3,1,0,0,8,https://longwang.ru/useful-articles/incorrect-labeling/,https://longwang.ru/useful-articles/kitajskie-internet-magaziny/,https://longwang.ru/posledniye-novosti-iz-kitaya/page/6/,0,18
https://longwang.ru/supplies-services-china/autsorsing-ved/finansirovanie-importa-iz-kitaia/,Финансирование импорта и экспорта из Китая - Long Wang,Финансирование импорта и экспорта из Китая,4,0,3,0,0,133,8,https://longwang.ru/supplies-services-china/autsorsing-ved/akkreditiv-po-dogovoru-postavki/,https://longwang.ru/,https://longwang.ru/supplies-services-china/proverka-postavshhika-v-kitae/,0,18
https://longwang.ru/supplies-services-china/autsorsing-ved/otkryt-kompaniyu-v-kitae/,Открыть компанию в Китае - Long Wang,Открыть компанию в Китае,4,0,4,0,0,134,8,https://longwang.ru/projects/import-fittings-china/,https://longwang.ru/supplies-services-china/equipment-from-china/,https://longwang.ru/supplies-services-china/proverka-postavshhika-v-kitae/,0,18
https://longwang.ru/supplies-services-china/dostavka-is-kitaya/cargo/,Карго из Китая – быстрая доставка в Россию | Long Wang,Карго из Китая в Россию,4,0,3,0,0,113,8,https://longwang.ru/useful-articles/page/3/,https://longwang.ru/supplies-services-china/autsorsing-ved/predstavitel-v-kitae/,https://longwang.ru/supplies-services-china/autsorsing-ved/konsolidacziya-eksporta/,0,18
https://longwang.ru/useful-articles/kak-kupit-oborudovanie-kitay/,Гайд о покупке оборудования в Китае: пошаговая инструкция 2026,Как купить оборудование из Китая: пошаговый гайд от А до Я,4,0,4,0,0,144,8,https://longwang.ru/useful-articles/obrazczy-dokumentov-dlya-raboty-s-postavshhikami-iz-kitaya/,https://longwang.ru/useful-articles/kak-dostavit-gruz-iz-kitaya/,https://longwang.ru/useful-articles/populyarnyye-tovary-iz-kitaya/,0,18
https://longwang.ru/useful-articles/product-samples/,"Образцы товаров из Китая: как заказать, доставить и не переплатить","Образцы товаров из Китая: как заказать, доставить и подготовиться к серийной партии",4,0,4,0,0,135,8,https://longwang.ru/supplies-services-china/goods-check-china/,https://longwang.ru/useful-articles/otkaznye-pisma/,https://longwang.ru/useful-articles/shipping-cost/,0,18
https://longwang.ru/supplies-services-china/parallelnyj-import-is-kitaya/brands/megger-product-supplies/,Megger: поставка измерительного оборудования из Китая - Long Wang,Оригинальное оборудование Megger из Китая,4,1,3,1,0,0,8,https://longwang.ru/supplies-services-china/parallelnyj-import-is-kitaya/brands/bitzer-compressors-parts/,https://longwang.ru/supplies-services-china/parallelnyj-import-is-kitaya/brands/baumer-sensors-order/,https://longwang.ru/supplies-services-china/dostavka-is-kitaya/freight-road-transportation/,0,17
https://longwang.ru/supplies-services-china/autsorsing-ved/akkreditiv-po-dogovoru-postavki/,Аккредитив по договору поставки - Long Wang,Аккредитив по договору поставки,5,0,4,0,0,134,8,https://longwang.ru/supplies-services-china/autsorsing-ved/finansirovanie-importa-iz-kitaia/,https://longwang.ru/supplies-services-china/parallelnyj-import-is-kitaya/brands/,https://longwang.ru/,0,17
https://longwang.ru/supplies-services-china/equipment-from-china/thermo-equipment-china/chamber-furnaces-china/,Камерные печи из Китая — спекание керамики и термообработка,Камерные печи для спекания керамики и термообработки,5,0,4,0,0,40,8,https://longwang.ru/supplies-services-china/equipment-from-china/thermo-equipment-china/muffle-furnaces-china/,https://longwang.ru/supplies-services-china/equipment-from-china/thermo-equipment-china/tubular-compact-furnaces/,https://longwang.ru/supplies-services-china/equipment-from-china/thermo-equipment-china/drying-cultivation-cabinets/,0,17
https://longwang.ru/supplies-services-china/equipment-from-china/thermo-equipment-china/drying-cultivation-cabinets/,Комбинированные сушильные шкафы с режимом культивирования — сушка до 250°C и инкубация до 80°C,Комбинированные сушильные шкафы с режимом культивирования,5,0,4,0,0,95,8,https://longwang.ru/supplies-services-china/equipment-from-china/thermo-equipment-china/muffle-furnaces-china/,https://longwang.ru/useful-articles/,https://longwang.ru/supplies-services-china/equipment-from-china/thermo-equipment-china/tubular-compact-furnaces/,0,17
https://longwang.ru/supplies-services-china/equipment-from-china/thermo-equipment-china/vacuum-drying-chambers/,Вакуумные сушильные камеры из Китая — поставка - Long Wang,Вакуумные сушильные камеры из Китая,5,0,4,0,0,102,8,https://longwang.ru/supplies-services-china/dostavka-is-kitaya/sea-shipping-china/,https://longwang.ru/supplies-services-china/dostavka-is-kitaya/aviadostavka-iz-kitaya/,https://longwang.ru/useful-articles/worlds-brend-equipment/,0,17
https://longwang.ru/supplies-services-china/equipment-from-china/thermo-equipment-china/vacuum-soldering-furnaces/,"Вакуумные печи для пайки металлов — до 1350°C, глубокий вакуум 7×10⁻³ Па",Вакуумные печи для высокотемпературной пайки металлов,5,0,4,0,0,15,8,https://longwang.ru/supplies-services-china/equipment-from-china/thermo-equipment-china/tubular-compact-furnaces/,https://longwang.ru/supplies-services-china/equipment-from-china/thermo-equipment-china/muffle-furnaces-china/,https://longwang.ru/supplies-services-china/equipment-from-china/thermo-equipment-china/chamber-furnaces-china/,0,17
https://longwang.ru/useful-articles/cargo-dostavka-iz-kitaya-v-rossiyu/,"Каким стало карго из Китая в 2026: реальные сроки, цены и риски схемы","Карго из Китая в 2026 году: как работает схема, сроки и реальные риски",5,0,5,0,0,128,8,https://longwang.ru/useful-articles/popular-products-china/,https://longwang.ru/useful-articles/top-oborudovanie-iz-kitaya/,https://longwang.ru/useful-articles/purchase-of-construction-equipment/,0,17
https://longwang.ru/supplies-services-china/parallelnyj-import-is-kitaya/brands/atlas-copco-product-supplies/,Atlas Copco: поставка компрессоров и запчастей из Китая - Long Wang,Поставка продукции Atlas Copco,5,1,4,1,0,2,8,https://longwang.ru/,https://longwang.ru/supplies-services-china/parallelnyj-import-is-kitaya/,https://longwang.ru/supplies-services-china/autsorsing-ved/finansirovanie-importa-iz-kitaia/,0,16
https://longwang.ru/supplies-services-china/parallelnyj-import-is-kitaya/brands/duplomatic-products-supply/,"Duplomatic: поставка гидравлики, насосов и клапанов из Китая - Long Wang",Оригиналы Duplomatic от дистрибьютера в Китае,5,1,4,1,0,0,8,https://longwang.ru/supplies-services-china/dostavka-is-kitaya/aviadostavka-iz-kitaya/,https://longwang.ru/novosti-is-kitaya/kitajskie-drony-mirovoj-trend/,https://longwang.ru/supplies-services-china/dostavka-is-kitaya/freight-road-transportation/,0,16
https://longwang.ru/supplies-services-china/parallelnyj-import-is-kitaya/brands/endresshauser-supply-russia/,Endress+Hauser от дистрибьютера в Китае - Long Wang,Endress+Hauser от официального дистрибьютера в Китае,5,1,5,1,4,0,8,https://longwang.ru/projects/podbor-i-proverka-postavschika-gruzovykh-avtomobiley/,https://longwang.ru/supplies-services-china/dostavka-is-kitaya/aviadostavka-iz-kitaya/,https://longwang.ru/useful-articles/incorrect-labeling/,0,16
https://longwang.ru/supplies-services-china/parallelnyj-import-is-kitaya/brands/flender-siemens-equipment/,"Поставка Flender (Siemens) - Муфты, редукторы, двигатели - Long Wang",Поставка продукции Flender (Siemens),5,1,4,1,0,0,8,https://longwang.ru/supplies-services-china/parallelnyj-import-is-kitaya/brands/allen-bradley-product-supplies/,https://longwang.ru/supplies-services-china/dostavka-is-kitaya/aviadostavka-iz-kitaya/,https://longwang.ru/supplies-services-china/parallelnyj-import-is-kitaya/brands/volvo-penta-product-supplies/,0,16
https://longwang.ru/supplies-services-china/parallelnyj-import-is-kitaya/brands/lenze-supply-russia/,Оригиналы Lenze от дистрибьютера в Китае - Long Wang,Оригиналы Lenze Gruppe от официального дистрибьютера в Китае,5,1,4,1,4,23,8,https://longwang.ru/useful-articles/page/5/,https://longwang.ru/supplies-services-china/dostavka-is-kitaya/,https://longwang.ru/,0,16
https://longwang.ru/supplies-services-china/equipment-from-china/thermo-equipment-china/water-baths-thermostats/,Водяные бани из Китая — водяные термостаты для лабораторий,Водяные бани из Китая,6,0,5,0,0,10,8,https://longwang.ru/supplies-services-china/equipment-from-china/thermo-equipment-china/drying-cultivation-cabinets/,https://longwang.ru/supplies-services-china/equipment-from-china/thermo-equipment-china/tubular-compact-furnaces/,https://longwang.ru/useful-articles/laboratory-thermo-equipment/,0,16
https://longwang.ru/useful-articles/purchase-of-construction-equipment/,"Как приобретать строительное оборудование в Китае: найти, проверить, доставить",Как организовать закупку строительного оборудования в Китае в 2026: пошаговый гайд,6,0,6,0,0,151,8,https://longwang.ru/useful-articles/popular-products-china/,https://longwang.ru/useful-articles/kupit-elektroniku-nesmotrya-na-sankczii/,https://longwang.ru/useful-articles/cargo-dostavka-iz-kitaya-v-rossiyu/,0,16
https://longwang.ru/supplies-services-china/equipment-from-china/thermo-equipment-china/muffle-furnaces-china/,Муфельные печи из керамического волокна — поставка из Китая,Муфельные печи из керамического волокна для лабораторий и производств,7,0,5,0,0,28,8,https://longwang.ru/supplies-services-china/equipment-from-china/thermo-equipment-china/chamber-furnaces-china/,https://longwang.ru/supplies-services-china/equipment-from-china/thermo-equipment-china/tubular-compact-furnaces/,https://longwang.ru/supplies-services-china/equipment-from-china/thermo-equipment-china/drying-cultivation-cabinets/,0,15
https://longwang.ru/supplies-services-china/equipment-from-china/thermo-equipment-china/specialized-industrial-furnaces/,Специализированные промышленные печи из Китая — до 1800°C,Специализированные промышленные печи из Китая,7,0,6,0,0,13,8,https://longwang.ru/supplies-services-china/equipment-from-china/thermo-equipment-china/tubular-compact-furnaces/,https://longwang.ru/supplies-services-china/equipment-from-china/thermo-equipment-china/chamber-furnaces-china/,https://longwang.ru/supplies-services-china/equipment-from-china/thermo-equipment-china/drying-cultivation-cabinets/,0,15
https://longwang.ru/supplies-services-china/equipment-from-china/thermo-equipment-china/tubular-compact-furnaces/,Поставки трубчатых и компактных камерных печей из Китая,Трубчатые и компактные камерные печи,7,0,5,0,0,58,8,https://longwang.ru/supplies-services-china/equipment-from-china/thermo-equipment-china/chamber-furnaces-china/,https://longwang.ru/supplies-services-china/equipment-from-china/thermo-equipment-china/muffle-furnaces-china/,https://longwang.ru/supplies-services-china/equipment-from-china/thermo-equipment-china/specialized-industrial-furnaces/,0,15
https://longwang.ru/supplies-services-china/equipment-from-china/thermo-equipment-china/tubular-furnaces-china/,"Многозонные трубчатые печи из Китая — CVD, нанотрубки, 1200–1600°C",Многозонные трубчатые печи для CVD и нанотехнологий,7,0,7,0,0,13,8,https://longwang.ru/supplies-services-china/equipment-from-china/thermo-equipment-china/chamber-furnaces-china/,https://longwang.ru/useful-articles/laboratory-thermo-equipment/,https://longwang.ru/supplies-services-china/equipment-from-china/thermo-equipment-china/muffle-furnaces-china/,0,15
https://longwang.ru/useful-articles/aviadostavka-gruzov-iz-kitaya/,Авиадоставка грузов из Китая в Россию в 2026 году: полное руководство от экспертов - Long Wang,Авиадоставка грузов из Китая в Россию в 2026 году: полное руководство от экспертов,7,0,4,0,0,137,8,https://longwang.ru/useful-articles/cargo-dostavka-iz-kitaya-v-rossiyu/,https://longwang.ru/useful-articles/kak-dostavit-gruz-iz-kitaya/,https://longwang.ru/useful-articles/stoimost-dostavki-iz-kitaya/,6,15
https://longwang.ru/supplies-services-china/parallelnyj-import-is-kitaya/brands/smc-product-supplies/,Оригинальное оборудование SMC – Long Wang,Оригиналы SMC от официального дистрибьютера в Китае,7,1,4,1,0,11,8,https://longwang.ru/projects/effektivnye-peregovory-i-poisk-postavshhika-promyshlennogo-oborudovaniya-v-kitae/,https://longwang.ru/supplies-services-china/parallelnyj-import-is-kitaya/brands/airtac-supple-china/,https://longwang.ru/projects/podbor-i-proverka-postavschika-gruzovykh-avtomobiley/,0,14
https://longwang.ru/supplies-services-china/equipment-from-china/thermo-equipment-china/drying-cabinets-china/,Сушильные шкафы из Китая — принудительная и естественная конвекция,Сушильные шкафы из Китая,8,0,5,0,0,8,8,https://longwang.ru/supplies-services-china/equipment-from-china/thermo-equipment-china/drying-cultivation-cabinets/,https://longwang.ru/supplies-services-china/equipment-from-china/thermo-equipment-china/specialized-industrial-furnaces/,https://longwang.ru/supplies-services-china/equipment-from-china/thermo-equipment-china/water-baths-thermostats/,0,14
https://longwang.ru/supplies-services-china/dostavka-is-kitaya/sea-shipping-china/,Морские перевозки грузов из Китая – Компания Long Wang,Морские перевозки из Китая,10,0,9,0,0,118,8,https://longwang.ru/supplies-services-china/dostavka-is-kitaya/freight-road-transportation/,https://longwang.ru/supplies-services-china/parallelnyj-import-is-kitaya/brands/,https://longwang.ru/supplies-services-china/dostavka-is-kitaya/aviadostavka-iz-kitaya/,0,12
https://longwang.ru/projects/effektivnye-peregovory-i-poisk-postavshhika-promyshlennogo-oborudovaniya-v-kitae/,Внедрение аналогов SMC в газовое производство - Long Wang,Внедрение аналогов SMC в газовое производство,11,0,11,0,0,92,8,https://longwang.ru/supplies-services-china/parallelnyj-import-is-kitaya/brands/smc-product-supplies/,https://longwang.ru/supplies-services-china/tovary-optom-dlia-marketpleisa/,https://longwang.ru/useful-articles/ozon-from-china/,0,12
https://longwang.ru/projects/kompressornoe-oborudovanie-v-kratchajshie-sroki/,Поставка оборудования CAT от официального дистрибьютера,Покупка и доставка оригинальных запчастей Caterpillar,11,0,11,0,0,42,8,https://longwang.ru/supplies-services-china/parallelnyj-import-is-kitaya/brands/caterpillar-spare-parts/,https://longwang.ru/novosti-is-kitaya/caterpillar-postavki-2022/,https://longwang.ru/supplies-services-china/tovary-optom-dlia-marketpleisa/,0,12
https://longwang.ru/projects/oborudovanie-v-lizing-po-lgotnoj-stavke/,Поставка подшипников и шпинделей из Китая,Поставка оборудования для прецизионного станкостроения.,11,0,11,0,0,128,8,https://longwang.ru/useful-articles/worlds-brend-equipment/,https://longwang.ru/supplies-services-china/equipment-from-china/,https://longwang.ru/supplies-services-china/parallelnyj-import-is-kitaya/brands/,0,12
https://longwang.ru/projects/steel-pipes-oil-mashinery/,Опыт поставки труб 30ХГСА из Китая для гидроцилиндров,Поставка прецизионных труб из стали 30ХГСА для производства гидроцилиндров в нефтяной промышленности,11,0,11,0,0,114,8,https://longwang.ru/useful-articles/kak-poluchit-gruz-v-terminale-pulkovo/,https://longwang.ru/useful-articles/laboratory-thermo-equipment/,https://longwang.ru/useful-articles/,0,12
https://longwang.ru/projects/tranzitnyj-eksport-dlya-slozhnyh-setevyh-i-servernyh-reshenij/,Поиск и поставка промышленных редукторов Brevini,Поиск и закупка промышленных редукторов,11,0,11,0,0,136,8,https://longwang.ru/international/volna-kitayskogo-eksporta/,https://longwang.ru/supplies-services-china/tovary-optom-dlia-marketpleisa/,https://longwang.ru/supplies-services-china/autsorsing-ved/ved-s-kitaem/,0,12
https://longwang.ru/supplies-services-china/dostavka-is-kitaya/freight-road-transportation/,Автомобильные грузоперевозки из Китая - Long Wang,Автомобильные грузоперевозки из Китая,11,0,10,0,0,130,8,https://longwang.ru/supplies-services-china/dostavka-is-kitaya/sea-shipping-china/,https://longwang.ru/supplies-services-china/dostavka-is-kitaya/aviadostavka-iz-kitaya/,https://longwang.ru/supplies-services-china/parallelnyj-import-is-kitaya/brands/,0,12
https://longwang.ru/supplies-services-china/dostavka-is-kitaya/jeleznodorojnaya-dostavka-iz-kitaya/,Железнодорожные грузоперевозки - Long Wang,Железнодорожные грузоперевозки,11,0,10,0,0,103,8,https://longwang.ru/supplies-services-china/dostavka-is-kitaya/sea-shipping-china/,https://longwang.ru/supplies-services-china/dostavka-is-kitaya/freight-road-transportation/,https://longwang.ru/supplies-services-china/dostavka-is-kitaya/aviadostavka-iz-kitaya/,0,12
https://longwang.ru/projects/import-fittings-china/,Кейс как организовать импорт крепежа и метизов из Китая,Импорт крепежа для производства из Китая,12,0,12,0,0,122,8,https://longwang.ru/supplies-services-china/autsorsing-ved/otkryt-kompaniyu-v-kitae/,https://longwang.ru/useful-articles/purchases-without-intermediaries/,https://longwang.ru/useful-articles/dokumentalnoe-oformlenie-importa-cherez-agenta/,0,12
https://longwang.ru/supplies-services-china/autsorsing-ved/konsolidacziya-eksporta/,Консолидация экспорта - Long Wang,Консолидация экспорта,12,0,12,0,0,96,8,https://longwang.ru/supplies-services-china/autsorsing-ved/predstavitel-v-kitae/,https://longwang.ru/supplies-services-china/dostavka-is-kitaya/freight-road-transportation/,https://longwang.ru/supplies-services-china/autsorsing-ved/akkreditiv-po-dogovoru-postavki/,0,12
https://longwang.ru/supplies-services-china/autsorsing-ved/platezhi-v-kitai/,Платежи в Китай — оплата поставщику и сопровождение - Long Wang,Платежи в Китай,12,0,11,0,0,127,8,https://longwang.ru/useful-articles/purchases-without-intermediaries/,https://longwang.ru/supplies-services-china/equipment-from-china/,https://longwang.ru/projects/import-fittings-china/,0,12
https://longwang.ru/supplies-services-china/autsorsing-ved/ved-s-kitaem/,ВЭД с Китаем — работа с КНР для бизнеса - Long Wang,ВЭД с Китаем,12,0,10,0,0,133,8,https://longwang.ru/useful-articles/incorrect-import-calculation/,https://longwang.ru/useful-articles/negotiations-with-chinese-partners/,https://longwang.ru/useful-articles/belaya-dostavka-iz-kitaya/,0,12
https://longwang.ru/supplies-services-china/dostavka-is-kitaya/aviadostavka-iz-kitaya/,Авиадоставка из Китая – Long Wang,Авиа доставка из Китая,12,0,11,0,0,152,8,https://longwang.ru/supplies-services-china/dostavka-is-kitaya/freight-road-transportation/,https://longwang.ru/useful-articles/cheeper-shipping-china/,https://longwang.ru/supplies-services-china/goods-check-china/,0,12
https://longwang.ru/supplies-services-china/poisk-tovara-v-kitae/,Поиск товара в Китае — подбор продукта под бизнес и бюджет - Long Wang,Поиск товара в Китае,12,0,11,0,0,127,8,https://longwang.ru/posledniye-novosti-iz-kitaya/page/10/,https://longwang.ru/useful-articles/kak-dostavit-gruz-iz-kitaya/,https://longwang.ru/useful-articles/ten-mistakes/,0,12
https://longwang.ru/projects/ozon-supply-china/,Кейс: сборная поставка игрушек из Китая для Wildberries и Ozon,Сборная поставка из Китая для Wildberries и Ozon: как объединить 7 поставщиков за месяц,13,0,12,0,0,75,8,https://longwang.ru/useful-articles/tovary-iz-kitaya-dlya-marketplejsov/,https://longwang.ru/supplies-services-china/tovary-optom-dlia-marketpleisa/,https://longwang.ru/useful-articles/incorrect-labeling/,0,12
https://longwang.ru/projects/podbor-i-proverka-postavschika-gruzovykh-avtomobiley/,Поиск и проверка поставщика грузовых автомобилей SITRAK - Long Wang,Поиск и проверка поставщика грузовых автомобилей,13,0,13,0,0,146,8,https://longwang.ru/supplies-services-china/goods-check-china/,https://longwang.ru/useful-articles/kak-poluchit-gruz-v-terminale-pulkovo/,https://longwang.ru/useful-articles/shipping-cost/,0,12
https://longwang.ru/projects/sbornye-postavki-dlya-melkogo-opta/,Кейс: сборная доставка из Китая для Wildberries — как снизить себестоимость на 35%,Кейс: переход на сборные поставки из Китая для Wildberries и Ozon,13,0,12,0,0,129,8,https://longwang.ru/supplies-services-china/tovary-optom-dlia-marketpleisa/,https://longwang.ru/useful-articles/tovary-iz-kitaya-dlya-marketplejsov/,https://longwang.ru/useful-articles/incorrect-labeling/,0,12
https://longwang.ru/projects/,Проекты - Long Wang,Проекты,14,0,13,0,0,19,8,https://longwang.ru/supplies-services-china/tovary-optom-dlia-marketpleisa/,https://longwang.ru/useful-articles/tovary-iz-kitaya-dlya-marketplejsov/,https://longwang.ru/useful-articles/incorrect-labeling/,0,12
https://longwang.ru/supplies-services-china/autsorsing-ved/predstavitel-v-kitae/,Представитель в Китае - Long Wang,Представитель в Китае,18,0,18,0,0,136,8,https://longwang.ru/supplies-services-china/autsorsing-ved/konsolidacziya-eksporta/,https://longwang.ru/,https://longwang.ru/supplies-services-china/autsorsing-ved/akkreditiv-po-dogovoru-postavki/,0,12
https://longwang.ru/international/,Внешняя экономика Китая - Long Wang,Внешняя экономика Китая,19,0,19,0,0,102,8,https://longwang.ru/international/keetay-nasheemee-partnyeramee/,https://longwang.ru/novosti-is-kitaya/rost-czen-na-postavki-tovarov-iz-kitaya-v-rossiyu/,https://longwang.ru/novosti-is-kitaya/spad-proizvodstva-kitaya/,0,12
https://longwang.ru/novosti-is-kitaya/,Актуальные новости из Китая - Long Wang,Актуальные новости из Китая,19,0,19,0,0,47,8,https://longwang.ru/novosti-is-kitaya/kitajskie-akczii-v-rossii/,https://longwang.ru/novosti-is-kitaya/itogi-rasprodazhi-11-11/,https://longwang.ru/useful-articles/biznes-s-kitaem-s-nulya-chto-nuzhno-znat-nachinayushhemu-predprinimatelyu/,0,12
https://longwang.ru/supplies-services-china/parallelnyj-import-is-kitaya/,Параллельный импорт из Китая - Поставка санкционных товаров,Параллельный импорт из Китая,19,0,14,0,0,140,8,https://longwang.ru/supplies-services-china/autsorsing-ved/akkreditiv-po-dogovoru-postavki/,https://longwang.ru/supplies-services-china/autsorsing-ved/finansirovanie-importa-iz-kitaia/,https://longwang.ru/supplies-services-china/autsorsing-ved/predstavitel-v-kitae/,0,12
https://longwang.ru/supplies-services-china/parallelnyj-import-is-kitaya/brands/,Продукция мировых брендов из Китая - Long Wang,Продукция мировых брендов из Китая,19,0,15,0,0,133,8,https://longwang.ru/supplies-services-china/goods-check-china/,https://longwang.ru/supplies-services-china/autsorsing-ved/platezhi-v-kitai/,https://longwang.ru/useful-articles/purchases-without-intermediaries/,0,12
https://longwang.ru/useful-articles/,Полезные статьи для работы с Китаем - Long Wang,Полезные статьи для работы с Китаем,19,0,19,0,0,143,8,https://longwang.ru/useful-articles/industrial-thermo-guide/,https://longwang.ru/useful-articles/laboratory-thermo-equipment/,https://longwang.ru/useful-articles/purchase-of-construction-equipment/,0,12
https://longwang.ru/supplies-services-china/,Услуги по Китаю — карта направлений для бизнеса - Long Wang,Услуги по Китаю,31,0,27,0,0,132,8,https://longwang.ru/useful-articles/poleznye-sovety-dlya-uspeshnoj-dostavki-iz-kitaya/,https://longwang.ru/useful-articles/pryamye-postavki-iz-kitaya/,https://longwang.ru/useful-articles/otkaznye-pisma/,0,12
https://longwang.ru/supplies-services-china/dostavka-is-kitaya/tamojennoe-oformlenie-china/,Таможенное оформление из Китая: растаможка под ключ,Таможенное оформление грузов из Китая,31,0,30,0,0,126,8,https://longwang.ru/useful-articles/cheeper-shipping-china/,https://longwang.ru/useful-articles/customs-clearance-china/,https://longwang.ru/useful-articles/iz-kitaya-mozhet-prijti-povrezhdyonnyj-gruz/,0,12
https://longwang.ru/supplies-services-china/goods-check-china/,Проверка товара в Китае — инспекция и контроль качества,Проверка товара в Китае,33,0,30,0,0,147,8,https://longwang.ru/useful-articles/kak-vernut-tovar-v-kitay/,https://longwang.ru/useful-articles/poleznye-sovety-dlya-uspeshnoj-dostavki-iz-kitaya/,https://longwang.ru/useful-articles/purchases-without-intermediaries/,0,12
https://longwang.ru/supplies-services-china/tovary-optom-dlia-marketpleisa/,Товары для маркетплейсов из Китая для селлеров - Long Wang,Оптом из Китая для селлеров маркетплейсов,37,0,29,0,0,127,8,https://longwang.ru/useful-articles/incorrect-labeling/,https://longwang.ru/projects/tranzitnyj-eksport-dlya-slozhnyh-setevyh-i-servernyh-reshenij/,https://longwang.ru/projects/podbor-i-proverka-postavschika-gruzovykh-avtomobiley/,0,12
https://longwang.ru/supplies-services-china/equipment-from-china/,Оборудование из Китая — поставка оборудования для бизнеса,Оборудование из Китая для бизнеса,41,0,33,0,0,139,8,https://longwang.ru/useful-articles/purchases-without-intermediaries/,https://longwang.ru/supplies-services-china/goods-check-china/,https://longwang.ru/supplies-services-china/autsorsing-ved/otkryt-kompaniyu-v-kitae/,0,12
https://longwang.ru/supplies-services-china/poisk-i-podbor-postavshika/,Поиск поставщика в Китае — подбор под задачу бизнеса | Long Wang,Поиск поставщика и производителя в Китае,42,0,35,0,0,127,8,https://longwang.ru/supplies-services-china/goods-check-china/,https://longwang.ru/useful-articles/obrazczy-dokumentov-dlya-raboty-s-postavshhikami-iz-kitaya/,https://longwang.ru/useful-articles/pryamye-postavki-iz-kitaya/,0,12
https://longwang.ru/supplies-services-china/autsorsing-ved/,Аутсорсинг ВЭД — сопровождение внешнеэкономической деятельности - Long Wang,Аутсорсинг ВЭД для бизнеса,45,0,38,0,0,140,8,https://longwang.ru/international/speczialnye-ekonomicheskie-zony-v-kitae/,https://longwang.ru/useful-articles/zashhita-informaczii-ved/,https://longwang.ru/supplies-services-china/dostavka-is-kitaya/tamojennoe-oformlenie-china/,0,12
https://longwang.ru/supplies-services-china/proverka-postavshhika-v-kitae/,Проверка поставщика в Китае - Long Wang,Проверка поставщика в Китае,53,0,43,0,0,136,8,https://longwang.ru/supplies-services-china/autsorsing-ved/otkryt-kompaniyu-v-kitae/,https://longwang.ru/useful-articles/purchases-without-intermediaries/,https://longwang.ru/useful-articles/dokumentalnoe-oformlenie-importa-cherez-agenta/,0,12
https://longwang.ru/supplies-services-china/equipment-from-china/thermo-equipment-china/,"Термическое и сушильное оборудование из Китая — печи, сушильные шкафы, инкубаторы",Термическое и сушильное оборудование из Китая,29,1,20,1,0,115,8,https://longwang.ru/useful-articles/,https://longwang.ru/supplies-services-china/goods-check-china/,https://longwang.ru/useful-articles/purchases-without-intermediaries/,0,11
https://longwang.ru/supplies-services-china/dostavka-is-kitaya/,Доставка из Китая в Россию - Без посредников и скрытых комиссий,Доставка из Китая в Россию,65,1,56,1,0,140,8,https://longwang.ru/supplies-services-china/dostavka-is-kitaya/aviadostavka-iz-kitaya/,https://longwang.ru/useful-articles/page/5/,https://longwang.ru/useful-articles/cheeper-shipping-china/,0,11
